addr	size	name	confidence	args	ret	callers	callees	frame	saved	tags
0x80012480	220	func_80012480	verified	0	u32	2	4	24	ra	
0x8001255C	272	func_8001255C	verified	0	u32	1	21	32	ra	
0x80012680	136	func_80012680	low	1	u32	1	0	0		leaf|orphan
0x80012708	180	func_80012708	low	0	u32	1	1	0	s0|ra	orphan
0x80012814	860	func_80012814	low	0	u32	0	14	0	s0|s1|s2|s3|s4|s5|ra	orphan
0x80012B78	20	func_80012B78	low	0	u32	1	0	0		leaf|orphan
0x80012BC0	56	func_80012BC0	verified	1	void	1	3	24	s0|ra	
0x80012BF8	84	func_80012BF8	verified	0	u32	1	2	24	ra	
0x80012C5C	108	func_80012C5C	medium	0	u32	5	3	32	s0|s1|ra	orphan
0x80012D24	88	func_80012D24	medium	0	u32	0	1	24	s0|ra	orphan
0x80012E20	104	func_80012E20	medium	0	u32	0	2	24	s0|ra	orphan
0x80013038	80	func_80013038	low	0	u32	0	1	0	ra	orphan
0x80013168	132	func_80013168	medium	0	u32	0	4	24	s0|ra	orphan
0x800133EC	204	func_800133EC	medium	0	u32	0	5	24	s0|ra	orphan
0x8001368C	140	func_8001368C	medium	0	u32	0	1	40	s0|ra	orphan
0x80013788	152	func_80013788	medium	0	u32	0	2	40	s0|ra	orphan
0x800138A0	292	func_800138A0	low	0	u32	0	3	0	ra	orphan
0x800139C4	8	func_800139C4	low	0	void	1	0	0		leaf|orphan
0x800140B8	72	func_800140B8	medium	0	u32	0	3	24	ra	orphan
0x800146C0	72	func_800146C0	medium	0	u32	0	3	24	ra	orphan
0x80014BEC	112	func_80014BEC	verified	1	u32	2	3	24	s0|ra	
0x80014C98	56	func_80014C98	verified	1	void	1	1	32	s0|s1|ra	
0x80014CD0	356	func_80014CD0	verified	0	u32	1	3	40	s0|s1|s2|s3|s4|ra	
0x80014E34	24	func_80014E34	high	1	u32	3	0	0		leaf
0x80014E4C	24	func_80014E4C	low	1	u32	24	0	0		leaf|orphan
0x80014E64	72	func_80014E64	medium	0	u32	12	1	24	s0|ra	orphan
0x80014EAC	120	func_80014EAC	high	1	u32	2	0	0		leaf
0x80014F24	240	func_80014F24	verified	3	u32	57	1	24	s0|ra	
0x80015034	96	func_80015034	medium	3	u32	8	2	32	s0|s1|s2|ra	orphan
0x80015094	200	func_80015094	verified	1	u32	6	3	40	s0|s1|s2|s3|ra	
0x8001515C	48	func_8001515C	verified	0	void	37	1	24	s0|ra	addr_taken
0x8001518C	80	func_8001518C	medium	1	u32	9	1	24	s0|ra	orphan
0x8001520C	52	func_8001520C	medium	2	void	4	1	32	s0|s1|ra	orphan
0x80015240	32	func_80015240	medium	0	void	1	1	24	ra	orphan
0x80015260	32	func_80015260	medium	0	void	2	1	24	ra	orphan
0x80015280	44	func_80015280	medium	1	void	3	2	24	s0|ra	orphan
0x800152AC	52	func_800152AC	low	2	u32	23	0	0		leaf|orphan
0x800152E0	8	func_800152E0	high	0	void	1	0	0		leaf
0x800152E8	216	func_800152E8	medium	0	u32	1	2	40	s0|s1|s2|s3|ra	indirect
0x800153C0	20	func_800153C0	low	2	u32	1	0	0		leaf|orphan
0x800153D4	20	func_800153D4	low	2	u32	3	0	0		leaf|orphan
0x800153FC	36	func_800153FC	low	1	u32	11	0	0		leaf|orphan
0x80015420	12	func_80015420	low	1	u32	4	0	0		leaf|orphan
0x8001542C	36	func_8001542C	low	1	u32	30	0	0		leaf|orphan
0x80015450	444	func_80015450	medium	0	u32	1	2	64	s0|s1|s2|ra	orphan
0x8001560C	220	func_8001560C	low	0	u32	1	0	0		leaf|orphan
0x800156E8	744	func_800156E8	medium	0	u32	1	7	32	s0|s1|ra	orphan
0x800159D0	144	func_800159D0	medium	0	u32	1	1	48	s0|s1|ra	orphan
0x80015A60	568	func_80015A60	low	0	u32	1	6	0	s0|s1|ra	orphan
0x80015C98	188	func_80015C98	medium	0	u32	1	1	48	s0|s1|ra	orphan
0x80015D54	604	func_80015D54	low	0	u32	1	6	0	s0|s1|ra	orphan
0x80015FCC	412	func_80015FCC	low	0	u32	1	2	0	s0|s1|ra	orphan
0x80016168	60	func_80016168	medium	0	u32	1	1	24	ra	orphan
0x800161A4	40	func_800161A4	medium	0	void	0	2	24	ra	orphan
0x800161CC	212	func_800161CC	medium	0	u32	1	6	40	s0|ra	orphan
0x800162A0	32	func_800162A0	medium	0	void	1	1	24	ra	orphan
0x800162C0	180	func_800162C0	medium	0	u32	1	3	24	s0|ra	orphan
0x80016374	1080	func_80016374	verified	0	u32	1	13	48	s0|s1|s2|s3|s4|s5|s6|ra	
0x800167AC	136	func_800167AC	low	3	u32	1	0	0		leaf|orphan
0x80016834	916	func_80016834	medium	2	u32	2	4	40	s0|s1|s2|s3|s4|ra	orphan
0x80016BC8	60	func_80016BC8	medium	0	u32	1	1	24	ra	orphan
0x80016C04	64	func_80016C04	medium	1	u32	1	1	24	ra	orphan
0x80016C44	100	func_80016C44	low	2	u32	2	0	0		leaf|break|orphan
0x80016CA8	92	func_80016CA8	low	2	u32	2	0	0		leaf|break|orphan
0x80016D04	60	func_80016D04	medium	0	u32	0	1	24	s0|ra	orphan
0x80016D9C	60	func_80016D9C	medium	0	u32	5	1	24	s0|ra	orphan
0x80016F38	96	func_80016F38	low	2	u32	10	0	0		leaf|orphan
0x80016FCC	28	func_80016FCC	low	0	u32	3	0	0		leaf|orphan
0x80016FE8	60	func_80016FE8	medium	0	u32	1	1	24	s0|ra	orphan
0x800170EC	60	func_800170EC	medium	0	u32	2	1	24	s0|ra	orphan
0x800171EC	144	func_800171EC	medium	2	u32	1	1	24	s0|ra	break|orphan
0x80017300	48	func_80017300	low	0	u32	3	0	0		leaf|orphan
0x80017330	40	func_80017330	low	0	u32	1	0	0		leaf|orphan
0x80017358	28	func_80017358	low	0	u32	1	0	0		leaf|orphan
0x80017374	16	func_80017374	low	1	u32	0	0	0		leaf|orphan
0x80017384	324	func_80017384	verified	4	u32	1	2	72	s0|s1|s2|s3|s4|s5|ra	
0x800174C8	500	func_800174C8	medium	1	u32	1	2	48	s0|s1|s2|s3|s4|s5|ra	orphan
0x800176BC	48	func_800176BC	medium	0	u32	0	1	24	ra	orphan
0x800176EC	52	func_800176EC	medium	0	u32	0	1	24	ra	orphan
0x80017740	100	func_80017740	low	0	u32	1	0	0		leaf|orphan
0x800177A4	40	func_800177A4	low	0	u32	1	0	0		leaf|orphan
0x800177CC	100	func_800177CC	medium	2	u32	1	1	32	s0|s1|ra	orphan
0x80017830	6820	func_80017830	medium	0	u32	1	22	320	s0|s1|s2|s3|s4|s5|s6|s7|fp|ra	break|orphan
0x800192DC	28	func_800192DC	high	0	u32	1	0	0		leaf
0x800192F8	76	func_800192F8	medium	0	u32	2	2	24	ra	orphan
0x80019344	28	func_80019344	low	0	u32	1	0	0		leaf|orphan
0x80019360	76	func_80019360	low	1	u32	6	0	0		leaf|orphan
0x800193B4	752	func_800193B4	medium	4	u32	1	2	80	s0|s1|s2|s3|s4|s5|s6|s7|fp|ra	orphan
0x800196A4	872	func_800196A4	medium	4	u32	153	1	112	s0|s1|s2|s3|s4|s5|s6|s7|fp|ra	orphan
0x80019A0C	216	func_80019A0C	medium	4	u32	12	3	40	s0|s1|s2|s3|s4|ra	orphan
0x80019AE4	164	func_80019AE4	medium	4	u32	3	2	32	s0|s1|ra	orphan
0x80019C58	132	func_80019C58	medium	2	u32	2	1	24	s0|ra	orphan
0x80019CDC	152	func_80019CDC	medium	3	u32	1	5	32	s0|s1|s2|ra	orphan
0x80019D74	32	func_80019D74	medium	0	void	2	1	24	ra	orphan
0x80019D94	68	func_80019D94	medium	0	u32	2	1	24	s0|ra	orphan
0x80019E1C	64	func_80019E1C	low	2	u32	5	0	0		leaf|orphan
0x80019E5C	248	func_80019E5C	medium	3	u32	51	2	40	s0|s1|s2|s3|ra	orphan
0x80019F54	108	func_80019F54	medium	2	u32	5	1	32	s0|s1|ra	orphan
0x80019FC0	112	func_80019FC0	medium	3	u32	2	1	32	s0|s1|ra	orphan
0x8001A030	296	func_8001A030	medium	3	u32	9	2	48	s0|s1|s2|s3|s4|s5|ra	orphan
0x8001A158	84	func_8001A158	medium	4	void	0	2	32	s0|s1|s2|ra	orphan
0x8001A260	68	func_8001A260	medium	3	void	1	1	32	s0|s1|ra	orphan
0x8001A2A4	108	func_8001A2A4	medium	3	u32	1	0	24	ra	orphan|indirect
0x8001A310	84	func_8001A310	low	3	u32	1	0	0		leaf|orphan
0x8001A364	108	func_8001A364	medium	3	u32	1	1	24	ra	orphan
0x8001A3D0	108	func_8001A3D0	medium	3	u32	1	1	24	ra	orphan
0x8001A43C	52	func_8001A43C	low	2	u32	1	0	0		leaf|orphan
0x8001A470	1836	func_8001A470	medium	4	u32	1	12	64	s0|s1|s2|s3|s4|s5|s6|s7|fp|ra	orphan
0x8001AB9C	216	func_8001AB9C	medium	1	u32	1	2	24	s0|ra	orphan
0x8001AC74	276	func_8001AC74	medium	1	u32	153	2	48	s0|s1|s2|s3|s4|ra	orphan
0x8001AFB4	376	func_8001AFB4	medium	4	u32	1	6	80	s0|s1|s2|ra	orphan
0x8001B188	280	func_8001B188	medium	3	u32	1	1	40	s0|s1|s2|s3|s4|ra	orphan
0x8001B2A0	36	func_8001B2A0	medium	0	void	1	1	24	ra	orphan
0x8001B3A4	272	func_8001B3A4	medium	3	u32	1	4	80	s0|s1|ra	orphan
0x8001B4B4	172	func_8001B4B4	medium	3	u32	2	1	40	s0|s1|s2|s3|ra	orphan
0x8001B560	36	func_8001B560	medium	0	void	2	1	24	ra	orphan
0x8001B584	272	func_8001B584	medium	4	u32	1	4	88	s0|s1|s2|s3|ra	orphan
0x8001B728	20	func_8001B728	low	0	u32	1	0	0		leaf|orphan
0x8001B73C	84	func_8001B73C	medium	1	u32	0	1	24	ra	orphan
0x8001B848	76	func_8001B848	low	1	u32	1	0	0		leaf|orphan
0x8001B894	76	func_8001B894	low	1	u32	1	0	0		leaf|orphan
0x8001B8E0	68	func_8001B8E0	low	3	u32	3	0	0		leaf|orphan
0x8001B924	460	func_8001B924	low	3	u32	1	0	0		leaf|orphan
0x8001BAF0	524	func_8001BAF0	low	3	u32	0	0	0		leaf|orphan
0x8001BD58	348	func_8001BD58	medium	4	u32	16	2	88	s0|s1|s2|s3|s4|s5|s6|s7|ra	orphan
0x8001BEB4	372	func_8001BEB4	medium	4	u32	2	2	80	s0|s1|s2|s3|s4|s5|s6|ra	orphan
0x8001C028	292	func_8001C028	medium	4	u32	1	2	80	s0|s1|s2|s3|s4|s5|s6|ra	orphan
0x8001C14C	252	func_8001C14C	medium	1	u32	2	4	72	s0|ra	orphan
0x8001C248	84	func_8001C248	medium	1	u32	0	1	32	s0|s1|ra	orphan
0x8001C29C	64	func_8001C29C	low	2	u32	1	0	0		leaf|orphan
0x8001C2DC	32	func_8001C2DC	low	2	u32	0	0	0		leaf|orphan
0x8001C2FC	600	func_8001C2FC	medium	1	u32	0	2	72	s0|s1|s2|ra	break|orphan
0x8001C554	112	func_8001C554	verified	0	u32	1	1	32	s0|s1|ra	
0x8001C5C4	176	func_8001C5C4	low	4	u32	4	1	0	s0|s1|s2|ra	orphan
0x8001C674	92	func_8001C674	medium	2	u32	1	1	24	ra	orphan
0x8001C6D0	92	func_8001C6D0	medium	2	u32	1	1	24	ra	orphan
0x8001C72C	352	func_8001C72C	medium	2	u32	1	4	32	s0|s1|s2|ra	orphan
0x8001C88C	116	func_8001C88C	low	2	u32	1	0	0		leaf|orphan
0x8001C900	224	func_8001C900	medium	4	u32	1	3	40	s0|s1|ra	orphan
0x8001C9E0	176	func_8001C9E0	medium	4	u32	1	2	32	ra	orphan
0x8001CA90	212	func_8001CA90	verified	0	u32	1	7	24	ra	
0x8001CB64	44	func_8001CB64	verified	0	void	1	2	24	ra	
0x8001CB90	12	func_8001CB90	low	0	u32	1	0	0		leaf|orphan
0x8001CB9C	300	func_8001CB9C	medium	0	u32	7	5	40	s0|s1|s2|s3|s4|ra	orphan
0x8001CD18	256	func_8001CD18	medium	1	u32	0	4	32	s0|s1|ra	orphan
0x8001CE18	208	func_8001CE18	medium	0	u32	6	3	40	s0|s1|s2|s3|s4|ra	orphan
0x8001CEE8	204	func_8001CEE8	medium	2	u32	0	3	40	s0|s1|s2|s3|ra	orphan
0x8001CFB4	380	func_8001CFB4	medium	3	u32	3	4	48	s0|s1|s2|s3|s4|s5|ra	orphan
0x8001D130	84	func_8001D130	medium	1	u32	1	1	24	ra	orphan
0x8001D184	168	func_8001D184	medium	4	u32	2	2	40	s0|s1|s2|s3|ra	orphan
0x8001D22C	44	func_8001D22C	medium	3	void	1	1	24	ra	orphan
0x8001D258	92	func_8001D258	medium	1	u32	0	1	24	ra	orphan
0x8001D2B4	92	func_8001D2B4	medium	1	u32	1	1	24	ra	orphan
0x8001D310	100	func_8001D310	medium	3	u32	1	1	24	ra	orphan
0x8001D450	336	func_8001D450	medium	2	u32	1	4	48	s0|s1|ra	orphan
0x8001D5A0	32	func_8001D5A0	medium	0	void	34	1	24	ra	orphan
0x8001D5C0	228	func_8001D5C0	medium	1	u32	1	2	32	ra	orphan
0x8001D6A4	80	func_8001D6A4	low	2	u32	0	2	0	s0|ra	orphan
0x8001D714	56	func_8001D714	low	1	u32	1	0	0		leaf|orphan
0x8001D74C	148	func_8001D74C	medium	4	u32	0	1	48	s0|s1|ra	orphan
0x8001DA5C	68	func_8001DA5C	medium	1	u32	0	2	24	s0|ra	orphan
0x8001DAA0	196	func_8001DAA0	medium	2	u32	1	4	48	s0|s1|s2|s3|ra	orphan
0x8001DB64	200	func_8001DB64	low	1	u32	5	4	0	s0|s1|s2|ra	orphan
0x8001DC2C	212	func_8001DC2C	low	2	u32	4	4	0	s0|s1|s2|s3|ra	orphan
0x8001DD00	164	func_8001DD00	low	2	u32	1	1	0	s0|s1|ra	orphan
0x8001DDA4	32	func_8001DDA4	medium	0	void	0	1	24	ra	orphan
0x8001DDC4	56	func_8001DDC4	medium	0	u32	0	1	24	ra	orphan
0x8001DDFC	16	func_8001DDFC	low	0	u32	2	0	0		leaf|orphan
0x8001DE0C	92	func_8001DE0C	medium	0	u32	1	1	24	s0|ra	orphan
0x8001DE68	128	func_8001DE68	medium	3	u32	1	1	56	s0|s1|ra	orphan
0x8001DF84	116	func_8001DF84	medium	2	u32	0	1	32	s0|s1|s2|ra	orphan
0x8001DFF8	56	func_8001DFF8	high	0	u32	1	0	0		leaf
0x8001E030	88	func_8001E030	medium	1	u32	1	1	32	s0|s1|ra	orphan
0x8001E088	24	func_8001E088	low	1	u32	0	0	0		leaf|orphan
0x8001E0A0	76	func_8001E0A0	low	0	u32	0	1	0	s0|ra	orphan
0x8001E0EC	20	func_8001E0EC	low	0	u32	7	0	0		leaf|orphan
0x8001E100	44	func_8001E100	medium	0	u32	5	1	24	ra	orphan
0x8001E12C	168	func_8001E12C	medium	3	u32	4	1	24	ra	orphan
0x8001E1D4	364	func_8001E1D4	medium	4	u32	8	2	32	s0|ra	orphan
0x8001E340	116	func_8001E340	medium	0	u32	5	1	24	ra	orphan
0x8001E3B4	440	func_8001E3B4	low	1	u32	1	0	0		leaf|orphan
0x8001E56C	232	func_8001E56C	medium	4	u32	3	0	64		leaf|orphan
0x8001E654	660	func_8001E654	medium	3	u32	1	0	32		leaf|orphan
0x8001E8E8	696	func_8001E8E8	medium	3	u32	4	0	32		leaf|orphan
0x8001EBA0	488	func_8001EBA0	medium	4	u32	4	0	32		leaf|orphan
0x8001ED88	2208	func_8001ED88	medium	2	u32	2	0	40		leaf|orphan
0x8001F628	72	func_8001F628	medium	2	u32	1	1	24	ra	orphan
0x8001F670	268	func_8001F670	medium	4	u32	1	1	40	s0|s1|ra	orphan
0x8001F77C	192	func_8001F77C	medium	4	u32	1	1	40	s0|s1|ra	orphan
0x8001F83C	1120	func_8001F83C	medium	4	u32	2	7	136	s0|s1|s2|s3|s4|s5|s6|ra	orphan
0x8001FC9C	60	func_8001FC9C	medium	4	u32	1	1	32	ra	orphan
0x8001FCD8	60	func_8001FCD8	medium	4	u32	1	1	32	ra	orphan
0x8001FD14	492	func_8001FD14	medium	2	u32	1	3	40	s0|s1|s2|ra	orphan
0x8001FF00	1912	func_8001FF00	medium	4	u32	8	9	80	s0|s1|s2|s3|s4|s5|s6|s7|fp|ra	orphan
0x80020678	308	func_80020678	medium	4	u32	3	3	64	s0|s1|s2|s3|s4|ra	orphan
0x800207AC	212	func_800207AC	medium	3	u32	0	3	56	s0|s1|ra	orphan
0x80020880	988	func_80020880	medium	4	u32	2	6	80	s0|s1|s2|s3|s4|s5|s6|s7|fp|ra	orphan
0x80020C5C	572	func_80020C5C	medium	3	u32	1	6	80	s0|s1|s2|s3|ra	orphan
0x80020E98	96	func_80020E98	medium	0	u32	1	1	32	s0|s1|s2|ra	orphan
0x80020EF8	88	func_80020EF8	high	0	u32	2	1	0	ra	
0x80020F50	32	func_80020F50	verified	0	void	1	1	24	ra	
0x80020F70	704	func_80020F70	medium	1	u32	2	2	56	s0|s1|s2|s3|s4|ra	orphan
0x80021230	228	func_80021230	medium	0	u32	1	2	32	s0|s1|s2|ra	orphan
0x80021314	308	func_80021314	medium	3	u32	1	3	24	s0|ra	orphan
0x80021448	36	func_80021448	medium	0	void	2	1	24	ra	orphan
0x8002146C	12	func_8002146C	high	1	u32	1	0	0		leaf
0x80021478	580	func_80021478	low	2	u32	1	0	0		leaf|orphan
0x800216BC	372	func_800216BC	low	0	u32	1	0	0		leaf|orphan
0x80021830	260	func_80021830	medium	4	u32	1	1	48	s0|s1|s2|s3|s4|s5|s6|ra	orphan
0x80021934	168	func_80021934	medium	0	u32	7	2	56	s0|s1|s2|ra	orphan
0x800219DC	412	func_800219DC	medium	3	u32	3	3	64	s0|s1|s2|s3|s4|ra	orphan
0x80021B78	256	func_80021B78	medium	1	u32	2	1	48	s0|ra	orphan
0x80021C78	632	func_80021C78	medium	1	u32	2	2	64	s0|s1|ra	orphan
0x80021EF0	60	func_80021EF0	medium	1	u32	8	2	32	s0|ra	orphan
0x80021F94	152	func_80021F94	medium	1	u32	23	3	48	s0|s1|s2|s3|ra	orphan
0x800220D0	60	func_800220D0	medium	1	u32	32	2	32	s0|ra	orphan
0x8002210C	200	func_8002210C	medium	1	u32	13	3	32	s0|ra	orphan
0x80022270	76	func_80022270	low	1	u32	9	1	0	s0|ra	orphan
0x800222BC	572	func_800222BC	medium	1	u32	1	3	80	s0|ra	orphan
0x800224F8	256	func_800224F8	medium	0	u32	2	2	72	s0|s1|ra	orphan
0x800225F8	40	func_800225F8	medium	0	void	2	2	24	ra	orphan
0x80022620	40	func_80022620	medium	0	void	0	2	24	ra	orphan
0x80022648	364	func_80022648	medium	4	u32	3	2	80	s0|s1|s2|s3|s4|s5|s6|ra	orphan
0x80022870	336	func_80022870	medium	3	u32	0	1	64	s0|s1|s2|ra	orphan
0x80022A58	176	func_80022A58	medium	2	u32	2	2	64	s0|s1|ra	orphan
0x80022B90	220	func_80022B90	medium	4	u32	3	2	72	s0|s1|s2|s3|ra	orphan
0x80022D1C	408	func_80022D1C	medium	3	u32	1	1	56	s0|s1|s2|s3|s4|s5|ra	orphan
0x80022EB4	100	func_80022EB4	medium	2	u32	1	1	24	ra	orphan
0x80022F18	276	func_80022F18	low	1	u32	1	0	0		leaf|orphan
0x8002302C	4364	func_8002302C	low	0	u32	2	8	0	s0|s1|s2|s3|s4|s5|ra	orphan
0x80024138	40	func_80024138	medium	0	u32	0	1	24	ra	orphan
0x80024160	52	func_80024160	low	0	u32	0	1	0	ra	orphan
0x80024288	28	func_80024288	low	0	u32	1	0	0		leaf|orphan
0x800242A4	48	func_800242A4	high	1	void	4	0	0		leaf
0x800242D4	32	func_800242D4	verified	1	void	1	1	24	ra	
0x800242F4	184	func_800242F4	high	1	u32	69	0	0		leaf
0x800243AC	44	func_800243AC	medium	4	void	5	1	24	ra	orphan
0x800243D8	52	func_800243D8	medium	4	u32	5	1	32	ra	orphan
0x8002440C	64	func_8002440C	medium	3	u32	1	1	24	ra	orphan
0x8002444C	60	func_8002444C	medium	1	u32	18	1	24	ra	orphan
0x80024488	252	func_80024488	low	3	u32	4	0	0		leaf|orphan
0x80024584	36	func_80024584	low	3	u32	1	0	0		leaf|orphan
0x800245A8	100	func_800245A8	medium	1	u32	1	1	24	s0|ra	orphan
0x8002460C	32	func_8002460C	low	1	u32	1	0	0		leaf|orphan
0x8002462C	20	func_8002462C	low	1	u32	1	0	0		leaf|orphan
0x80024640	1044	func_80024640	medium	4	u32	2	0	40	s0|s1|s2|s3|s4|s5	leaf|orphan
0x80024A54	920	func_80024A54	medium	1	u32	1	2	64	s0|s1|s2|s3|s4|s5|s6|ra	orphan
0x80024DEC	176	func_80024DEC	medium	4	u32	0	1	40	ra	orphan
0x80024FC4	20	func_80024FC4	low	1	u32	0	0	0		leaf|orphan
0x80024FD8	20	func_80024FD8	low	1	u32	0	0	0		leaf|orphan
0x80025030	212	func_80025030	medium	3	u32	2	1	24	ra	orphan
0x80025104	56	func_80025104	medium	3	void	1	1	24	ra	orphan
0x8002513C	32	func_8002513C	medium	0	void	0	1	24	ra	orphan
0x800251A0	84	func_800251A0	low	1	u32	0	0	0		leaf|orphan
0x800251F4	16	func_800251F4	low	0	u32	0	0	0		leaf|orphan
0x80025210	128	func_80025210	low	0	u32	0	0	0		leaf|orphan
0x80025290	36	func_80025290	low	0	u32	0	0	0		leaf|orphan
0x80025308	52	func_80025308	low	0	u32	1	0	0		leaf|orphan
0x8002533C	176	func_8002533C	low	2	u32	1	0	0		leaf|orphan
0x800253EC	560	func_800253EC	low	3	u32	3	0	0		leaf|orphan
0x8002561C	100	func_8002561C	medium	2	u32	1	1	24	ra	orphan
0x80025680	1036	func_80025680	low	2	u32	1	3	0	s0|s1|s2|s3|ra	orphan
0x80025A8C	76	func_80025A8C	medium	1	u32	1	1	32	s0|ra	orphan
0x80025AD8	156	func_80025AD8	medium	0	u32	1	1	24	ra	orphan
0x80025B74	372	func_80025B74	medium	1	u32	2	4	40	s0|s1|s2|s3|s4|ra	orphan
0x80025CE8	48	func_80025CE8	medium	0	u32	2	2	24	ra	orphan
0x80025D70	108	func_80025D70	low	4	u32	0	0	0		leaf|orphan
0x80026874	156	func_80026874	medium	2	u32	1	2	24	s0|ra	orphan
0x80026910	412	func_80026910	low	0	u32	2	4	0	s0|s1|s2|s3|ra	orphan|indirect
0x80026AAC	72	func_80026AAC	medium	0	void	1	1	24	ra	orphan
0x80026AF4	40	func_80026AF4	medium	0	void	1	2	24	ra	orphan
0x80026B1C	40	func_80026B1C	medium	1	void	1	1	24	ra	orphan
0x80026B44	332	func_80026B44	medium	1	u32	0	5	56	s0|s1|s2|s3|s4|s5|ra	orphan
0x80026D0C	324	func_80026D0C	medium	3	u32	0	2	64	s0|s1|s2|s3|s4|s5|ra	orphan|indirect
0x80027368	304	func_80027368	low	1	u32	5	0	0		leaf|orphan
0x800274EC	236	func_800274EC	medium	0	u32	1	3	32	s0|s1|ra	orphan
0x800275D8	40	func_800275D8	low	0	u32	1	0	0		leaf|orphan
0x80027600	328	func_80027600	medium	1	u32	1	2	32	s0|s1|s2|ra	orphan
0x8002778C	532	func_8002778C	medium	1	u32	4	1	48	s0|s1|s2|s3|s4|ra	orphan
0x800279A0	424	func_800279A0	medium	1	u32	11	1	48	s0|s1|s2|s3|ra	orphan
0x80027B48	112	func_80027B48	medium	0	u32	1	1	32	s0|ra	orphan
0x80027BB8	188	func_80027BB8	medium	0	u32	0	6	32	s0|ra	orphan
0x80027C74	28	func_80027C74	low	1	u32	0	0	0		leaf|orphan
0x80027C90	16	func_80027C90	low	0	u32	1	0	0		leaf|orphan
0x80027CA0	152	func_80027CA0	low	0	u32	1	2	0	s0|ra	orphan
0x80027D38	16	func_80027D38	low	0	u32	1	0	0		leaf|orphan
0x80027D54	16	func_80027D54	low	0	u32	1	0	0		leaf|orphan
0x80027DE8	96	func_80027DE8	medium	0	u32	0	4	24	s0|ra	orphan
0x80027E48	72	func_80027E48	low	1	u32	0	0	0		leaf|orphan
0x80027ED4	16	func_80027ED4	low	0	u32	6	0	0		leaf|orphan
0x80027EE4	88	func_80027EE4	low	0	u32	3	1	0	ra	orphan
0x80027F3C	16	func_80027F3C	low	0	u32	5	0	0		leaf|orphan
0x80027F4C	16	func_80027F4C	low	0	u32	1	0	0		leaf|orphan
0x80027F5C	36	func_80027F5C	low	0	u32	1	0	0		leaf|orphan
0x8002807C	200	func_8002807C	medium	0	u32	2	6	24	ra	orphan
0x80028144	168	func_80028144	medium	0	u32	2	4	24	ra	orphan
0x800281EC	120	func_800281EC	medium	0	u32	0	4	24	ra	orphan
0x80028264	76	func_80028264	low	2	u32	1	0	0		leaf|orphan
0x800282B0	36	func_800282B0	medium	1	u32	1	1	24	ra	orphan
0x800282D4	60	func_800282D4	low	0	u32	0	1	0	ra	orphan
0x80028394	80	func_80028394	low	0	u32	2	0	0		leaf|orphan
0x800283E4	56	func_800283E4	low	0	u32	2	0	0		leaf|orphan
0x8002841C	112	func_8002841C	low	2	u32	1	0	0		leaf|orphan
0x8002848C	108	func_8002848C	medium	0	u32	1	1	48	ra	orphan
0x800284F8	196	func_800284F8	medium	4	u32	0	2	48	s0|ra	orphan
0x800285E8	120	func_800285E8	medium	0	u32	2	6	24	ra	orphan
0x80028660	76	func_80028660	medium	0	u32	1	1	24	ra	orphan
0x800286AC	84	func_800286AC	medium	0	u32	1	4	24	ra	orphan
0x80028700	64	func_80028700	low	0	u32	1	2	0	ra	orphan
0x80028740	96	func_80028740	low	0	u32	2	2	0	ra	orphan
0x800287A0	64	func_800287A0	low	0	u32	1	1	0	ra	orphan
0x800287E0	184	func_800287E0	medium	0	u32	1	6	40	ra	orphan|indirect
0x80028898	44	func_80028898	medium	0	void	1	2	24	ra	orphan
0x800289A8	88	func_800289A8	medium	0	u32	0	4	24	ra	orphan
0x80028A00	72	func_80028A00	medium	0	u32	1	2	0	ra	addr_taken|orphan
0x80028A48	272	func_80028A48	medium	0	u32	2	8	0	s0|ra	addr_taken|orphan
0x80028BE0	64	func_80028BE0	medium	0	u32	0	2	24	ra	orphan
0x800293A0	176	func_800293A0	medium	0	u32	0	4	24	ra	orphan
0x80029450	1084	func_80029450	medium	0	u32	2	21	48	s0|s1|s2|ra	addr_taken|orphan
0x8002988C	112	func_8002988C	medium	0	u32	1	3	24	ra	orphan
0x80029A08	96	func_80029A08	medium	0	u32	0	2	24	s0|ra	orphan
0x80029B10	96	func_80029B10	medium	0	u32	0	2	24	s0|ra	orphan
0x80029D7C	128	func_80029D7C	medium	0	u32	1	3	24	s0|ra	orphan
0x80029DFC	200	func_80029DFC	medium	0	u32	1	4	40	s0|ra	addr_taken|orphan
0x80029EC4	88	func_80029EC4	medium	0	u32	0	4	24	ra	orphan
0x8002A1BC	104	func_8002A1BC	medium	0	u32	1	3	24	ra	orphan
0x8002A224	96	func_8002A224	medium	0	u32	1	1	0	ra	addr_taken|orphan
0x8002A4AC	88	func_8002A4AC	medium	0	u32	0	1	24	s0|ra	orphan
0x8002A644	112	func_8002A644	medium	0	u32	2	2	24	s0|ra	addr_taken|orphan
0x8002A6B4	68	func_8002A6B4	medium	0	u32	1	1	0	ra	addr_taken|orphan
0x8002A6F8	52	func_8002A6F8	medium	0	void	2	2	24	ra	orphan
0x8002A760	60	func_8002A760	medium	0	u32	1	2	24	ra	orphan
0x8002A7D0	64	func_8002A7D0	medium	0	u32	0	3	24	ra	orphan
0x8002A948	60	func_8002A948	low	0	u32	0	2	0	ra	orphan
0x8002A9F8	148	func_8002A9F8	medium	0	u32	1	8	32	s0|s1|ra	orphan
0x8002AA8C	72	func_8002AA8C	medium	0	u32	1	2	0	ra	addr_taken|orphan
0x8002AAD4	1620	func_8002AAD4	medium	0	u32	9	17	104	s0|ra	orphan
0x8002B128	144	func_8002B128	medium	2	u32	1	1	32	s0|s1|ra	break|orphan
0x8002B28C	52	func_8002B28C	medium	1	u32	2	1	24	ra	orphan
0x8002B2C0	40	func_8002B2C0	medium	0	u32	1	1	24	ra	orphan
0x8002B3A4	176	func_8002B3A4	low	0	u32	0	3	0	ra	orphan
0x8002B570	552	func_8002B570	medium	0	u32	0	9	40	s0|ra	orphan
0x8002B81C	52	func_8002B81C	low	0	u32	0	0	0		leaf|orphan
0x8002B850	132	func_8002B850	low	3	u32	0	0	0		leaf|orphan
0x8002B8D4	160	func_8002B8D4	low	4	u32	1	0	0		leaf|orphan
0x8002B974	88	func_8002B974	low	2	u32	1	0	0		leaf|orphan
0x8002B9CC	20	func_8002B9CC	low	0	u32	1	0	0		leaf|orphan
0x8002B9E0	56	func_8002B9E0	low	0	u32	1	0	0		leaf|orphan
0x8002BA18	348	func_8002BA18	medium	0	u32	1	1	64	s0|s1|s2|s3|s4|ra	orphan
0x8002BC80	376	func_8002BC80	medium	1	u32	4	5	56	s0|s1|s2|ra	orphan
0x8002BEE0	84	func_8002BEE0	medium	0	u32	0	1	24	ra	orphan
0x8002BFFC	80	func_8002BFFC	low	0	u32	1	0	0		leaf|orphan
0x8002C04C	32	func_8002C04C	low	0	u32	1	0	0		leaf|orphan
0x8002C06C	184	func_8002C06C	low	3	u32	2	0	0		leaf|orphan
0x8002C154	48	func_8002C154	low	2	u32	1	0	0		leaf|orphan
0x8002C184	568	func_8002C184	medium	0	u32	1	3	40	s0|s1|ra	orphan|indirect
0x8002C3BC	28	func_8002C3BC	low	2	u32	6	0	0		leaf|orphan
0x8002C3D8	36	func_8002C3D8	medium	1	void	0	1	24	ra	orphan
0x8002C3FC	40	func_8002C3FC	low	1	u32	2	0	0		leaf|orphan
0x8002C42C	76	func_8002C42C	medium	2	u32	0	1	24	ra	orphan
0x8002C478	80	func_8002C478	medium	2	u32	0	1	24	ra	orphan
0x8002C4C8	68	func_8002C4C8	medium	2	u32	0	1	24	ra	orphan
0x8002C868	104	func_8002C868	medium	1	u32	0	1	32	ra	orphan
0x8002C8D0	60	func_8002C8D0	low	1	u32	0	0	0		leaf|orphan
0x8002C90C	404	func_8002C90C	medium	2	u32	2	1	40	s0|s1|s2|s3|s4|ra	orphan
0x8002CB34	36	func_8002CB34	low	2	u32	1	0	0		leaf|orphan
0x8002CB58	36	func_8002CB58	low	1	u32	2	0	0		leaf|orphan
0x8002CC10	40	func_8002CC10	low	1	u32	1	0	0		leaf|orphan
0x8002CDA8	104	func_8002CDA8	medium	1	u32	1	1	32	s0|ra	orphan
0x8002CE10	80	func_8002CE10	low	2	u32	1	0	0		leaf|orphan
0x8002CE60	312	func_8002CE60	medium	2	u32	2	2	48	s0|s1|ra	orphan
0x8002D144	412	func_8002D144	medium	2	u32	1	2	32	s0|s1|s2|ra	orphan
0x8002D2E0	120	func_8002D2E0	medium	2	u32	1	1	32	s0|s1|s2|ra	orphan
0x8002D358	72	func_8002D358	medium	1	void	1	1	32	s0|s1|ra	orphan
0x8002D3A0	32	func_8002D3A0	medium	0	void	3	1	24	ra	orphan
0x8002D3C0	96	func_8002D3C0	medium	0	u32	1	1	24	s0|ra	orphan
0x8002D420	264	func_8002D420	medium	4	u32	1	3	56	s0|s1|ra	orphan
0x8002D528	136	func_8002D528	medium	2	u32	0	1	24	ra	orphan
0x8002D5B0	236	func_8002D5B0	medium	3	u32	2	3	40	s0|s1|s2|s3|ra	orphan
0x8002D69C	40	func_8002D69C	medium	2	void	0	1	24	ra	orphan
0x8002D6C4	80	func_8002D6C4	low	0	u32	2	0	0		leaf|orphan
0x8002D714	164	func_8002D714	medium	1	u32	0	1	32	s0|s1|ra	orphan
0x8002D838	140	func_8002D838	medium	1	u32	0	1	32	s0|s1|ra	orphan
0x8002D8C4	96	func_8002D8C4	medium	1	u32	0	1	24	s0|ra	orphan
0x8002D924	72	func_8002D924	low	1	u32	2	0	0		leaf|orphan
0x8002D96C	120	func_8002D96C	medium	1	u32	1	1	32	s0|s1|s2|ra	orphan
0x8002D9E4	96	func_8002D9E4	medium	0	u32	1	2	24	s0|ra	orphan
0x8002DA44	76	func_8002DA44	medium	0	u32	1	1	24	ra	orphan
0x8002DA90	124	func_8002DA90	medium	0	u32	1	2	32	s0|s1|ra	orphan
0x8002DB0C	60	func_8002DB0C	low	0	u32	26	0	0		leaf|orphan
0x8002DB48	92	func_8002DB48	medium	1	u32	1	1	24	s0|ra	orphan
0x8002DBA4	60	func_8002DBA4	medium	0	void	1	2	24	s0|ra	orphan
0x8002DBE0	72	func_8002DBE0	medium	0	void	1	2	24	s0|ra	orphan
0x8002DC34	16	func_8002DC34	low	0	u32	1	0	0		leaf|orphan
0x8002DC44	44	func_8002DC44	low	1	u32	3	0	0		leaf|orphan
0x8002DC70	52	func_8002DC70	low	1	u32	5	0	0		leaf|orphan
0x8002DCA4	148	func_8002DCA4	low	2	u32	4	0	0		leaf|orphan
0x8002DD74	44	func_8002DD74	low	2	u32	3	0	0		leaf|orphan
0x8002DDA0	56	func_8002DDA0	medium	2	u32	7	1	24	ra	orphan
0x8002DDD8	408	func_8002DDD8	medium	0	u32	0	4	48	s0|ra	orphan
0x8002E018	128	func_8002E018	medium	0	u32	2	3	24	s0|ra	orphan
0x8002E098	200	func_8002E098	medium	0	u32	0	3	40	s0|ra	orphan
0x8002E29C	292	func_8002E29C	medium	0	u32	0	4	56	s0|s1|ra	orphan
0x8002E46C	72	func_8002E46C	low	0	u32	0	1	0	ra	orphan
0x8002E4B4	264	func_8002E4B4	medium	0	u32	1	4	40	s0|ra	addr_taken|orphan
0x8002E67C	152	func_8002E67C	medium	0	u32	0	3	40	s0|ra	orphan
0x8002E798	60	func_8002E798	medium	0	void	2	2	24	ra	orphan
0x8002E7D4	460	func_8002E7D4	low	3	u32	32	0	0		leaf|orphan
0x8002E9A0	40	func_8002E9A0	medium	1	u32	2	1	24	s0|ra	orphan
0x8002E9C8	252	func_8002E9C8	medium	1	u32	6	1	32	s0|s1|s2|ra	orphan
0x8002EAC4	252	func_8002EAC4	medium	1	u32	2	1	32	s0|s1|s2|ra	orphan
0x8002EBC0	40	func_8002EBC0	medium	1	u32	2	1	24	ra	orphan
0x8002EBE8	40	func_8002EBE8	medium	1	u32	1	1	24	ra	orphan
0x8002EC10	72	func_8002EC10	medium	1	u32	25	2	24	ra	orphan
0x8002EC58	68	func_8002EC58	medium	1	u32	5	2	24	ra	orphan
0x8002EC9C	184	func_8002EC9C	medium	3	u32	17	6	32	s0|s1|s2|ra	orphan
0x8002ED54	64	func_8002ED54	medium	1	u32	14	2	24	ra	orphan
0x8002ED94	64	func_8002ED94	medium	1	u32	1	2	24	ra	orphan
0x8002EDD4	92	func_8002EDD4	low	1	u32	3	0	0		leaf|orphan
0x8002EE30	200	func_8002EE30	medium	0	u32	8	2	48	s0|s1|ra	orphan
0x8002EEF8	136	func_8002EEF8	low	3	u32	3	2	0	ra	orphan
0x8002EFB4	132	func_8002EFB4	medium	1	u32	2	3	24	s0|ra	orphan
0x8002F038	56	func_8002F038	medium	0	u32	1	1	24	ra	orphan
0x8002F070	56	func_8002F070	medium	0	u32	1	1	24	ra	orphan
0x8002F0A8	148	func_8002F0A8	medium	0	u32	1	3	24	s0|ra	orphan
0x8002F1B4	80	func_8002F1B4	medium	0	u32	1	1	24	ra	orphan
0x8002F2F4	484	func_8002F2F4	low	4	u32	2	2	0	s0|s1|s2|ra	orphan
0x8002F4D8	68	func_8002F4D8	medium	0	u32	0	2	24	ra	orphan
0x8002F594	168	func_8002F594	medium	0	u32	1	3	24	ra	addr_taken|orphan
0x8002F63C	184	func_8002F63C	low	0	u32	3	2	0	ra	orphan
0x8002F6F4	240	func_8002F6F4	medium	0	u32	2	2	24	ra	addr_taken|orphan
0x8002F7E4	664	func_8002F7E4	medium	0	u32	4	6	0	s0|ra	addr_taken|orphan
0x8002FA7C	128	func_8002FA7C	medium	0	u32	1	1	24	s0|ra	orphan
0x8002FAFC	316	func_8002FAFC	medium	0	u32	3	4	24	s0|ra	orphan
0x8002FCDC	268	func_8002FCDC	medium	0	u32	1	4	24	s0|ra	orphan
0x8002FDE8	540	func_8002FDE8	medium	0	u32	1	10	32	s0|s1|ra	orphan
0x800301D4	160	func_800301D4	medium	0	u32	4	2	24	ra	orphan
0x800302B8	128	func_800302B8	medium	0	u32	1	2	24	s0|ra	orphan
0x80030338	128	func_80030338	medium	0	u32	1	2	24	s0|ra	orphan
0x800303B8	124	func_800303B8	medium	0	u32	1	2	24	s0|ra	orphan
0x80030434	124	func_80030434	medium	0	u32	1	2	24	s0|ra	orphan
0x800304B0	120	func_800304B0	medium	0	u32	6	5	24	ra	addr_taken|orphan
0x80030528	100	func_80030528	medium	0	u32	1	2	32	s0|s1|ra	orphan
0x8003058C	88	func_8003058C	medium	0	u32	1	2	24	s0|ra	orphan
0x800305E4	92	func_800305E4	medium	0	u32	1	2	24	s0|ra	orphan
0x80030640	92	func_80030640	medium	0	u32	1	2	24	s0|ra	orphan
0x8003069C	88	func_8003069C	medium	0	u32	1	2	24	s0|ra	orphan
0x800306F4	100	func_800306F4	medium	0	u32	1	2	32	s0|s1|ra	orphan
0x80030758	592	func_80030758	medium	0	u32	1	15	32	s0|s1|ra	addr_taken|orphan
0x800309A8	56	func_800309A8	low	0	u32	3	1	0	ra	orphan
0x800309E0	136	func_800309E0	medium	0	u32	3	3	0	ra	addr_taken|orphan
0x80030A68	216	func_80030A68	low	0	u32	2	4	0	ra	orphan
0x80030B7C	180	func_80030B7C	medium	0	u32	0	4	48	s0|ra	orphan
0x80030D1C	80	func_80030D1C	medium	0	u32	1	3	24	ra	addr_taken|orphan
0x80030D6C	68	func_80030D6C	medium	0	u32	4	3	24	ra	orphan
0x80030DB0	292	func_80030DB0	medium	0	u32	2	9	48	s0|ra	addr_taken|orphan
0x80030ED4	96	func_80030ED4	medium	0	u32	2	2	24	s0|ra	orphan
0x80030F34	92	func_80030F34	medium	0	u32	1	3	24	ra	addr_taken|orphan
0x80030F90	148	func_80030F90	medium	0	u32	1	4	24	s0|ra	orphan
0x80031024	356	func_80031024	medium	0	u32	2	10	48	s0|ra	addr_taken|orphan
0x80031188	76	func_80031188	medium	0	u32	3	2	24	ra	orphan
0x800311D4	188	func_800311D4	medium	0	u32	1	5	48	s0|ra	addr_taken|orphan
0x80031290	92	func_80031290	medium	0	u32	6	2	24	s0|ra	addr_taken|orphan
0x800312EC	364	func_800312EC	medium	0	u32	2	5	48	s0|s1|s2|ra	break|addr_taken|orphan
0x80031458	92	func_80031458	medium	0	u32	3	2	24	s0|ra	orphan
0x800314B4	64	func_800314B4	medium	0	u32	5	2	32	s0|ra	orphan
0x800314F4	224	func_800314F4	medium	0	u32	0	7	48	s0|ra	orphan
0x80031610	260	func_80031610	medium	0	u32	1	8	48	s0|ra	addr_taken|orphan
0x80031714	68	func_80031714	medium	0	u32	2	3	24	ra	orphan
0x80031758	312	func_80031758	medium	0	u32	1	11	48	s0|ra	addr_taken|orphan
0x80031890	68	func_80031890	medium	0	u32	1	3	24	ra	orphan
0x800318D4	396	func_800318D4	medium	0	u32	1	12	48	s0|ra	addr_taken|orphan
0x80031A60	64	func_80031A60	medium	0	u32	2	3	24	ra	orphan
0x80031AA0	284	func_80031AA0	medium	0	u32	1	9	48	s0|ra	addr_taken|orphan
0x80031BBC	128	func_80031BBC	medium	0	u32	1	4	24	s0|ra	orphan
0x80031C3C	368	func_80031C3C	medium	0	u32	2	7	48	s0|ra	addr_taken|orphan
0x80031DAC	136	func_80031DAC	medium	0	u32	4	3	24	ra	orphan
0x80031E34	136	func_80031E34	medium	0	u32	4	3	24	ra	orphan
0x80031EBC	424	func_80031EBC	medium	0	u32	1	6	48	s0|ra	addr_taken|orphan
0x80032064	104	func_80032064	medium	1	u32	0	3	24	ra	orphan
0x80032114	96	func_80032114	low	0	u32	30	1	0	ra	orphan|indirect
0x80032174	2300	func_80032174	low	4	u32	2	15	0	s0|s1|s2|s3|s4|ra	orphan
0x80032A70	348	func_80032A70	medium	0	u32	2	8	24	s0|ra	addr_taken|orphan
0x80032BCC	172	func_80032BCC	medium	0	u32	4	3	24	ra	addr_taken|orphan
0x80032C78	176	func_80032C78	medium	0	u32	6	3	24	s0|ra	orphan
0x80032D28	364	func_80032D28	medium	0	u32	3	5	0	s0|ra	addr_taken|orphan
0x80032E94	288	func_80032E94	medium	0	u32	2	5	24	s0|ra	orphan
0x80032FB4	240	func_80032FB4	medium	0	u32	1	5	48	s0|ra	addr_taken|orphan
0x800330A4	64	func_800330A4	medium	0	u32	2	3	24	ra	orphan
0x800330E4	144	func_800330E4	medium	0	u32	0	2	24	s0|ra	orphan
0x80033174	176	func_80033174	medium	0	u32	1	4	48	s0|ra	addr_taken|orphan
0x80033224	200	func_80033224	medium	0	u32	1	7	24	s0|ra	orphan
0x800332EC	268	func_800332EC	medium	0	u32	1	4	48	s0|ra	addr_taken|orphan
0x800333F8	224	func_800333F8	medium	0	u32	1	4	24	s0|ra	orphan
0x800334D8	240	func_800334D8	medium	0	u32	1	5	24	s0|ra	orphan
0x80033680	236	func_80033680	medium	0	u32	0	4	40	s0|ra	orphan
0x8003381C	244	func_8003381C	medium	0	u32	2	5	24	s0|ra	orphan
0x80033910	56	func_80033910	medium	0	u32	1	2	24	ra	orphan
0x80033948	52	func_80033948	medium	0	u32	1	2	24	ra	orphan
0x8003397C	424	func_8003397C	medium	0	u32	1	6	56	s0|ra	addr_taken|orphan
0x80033B24	100	func_80033B24	medium	0	u32	0	3	24	s0|ra	orphan
0x80033C9C	228	func_80033C9C	medium	0	u32	0	5	48	s0|ra	orphan
0x80033DB8	180	func_80033DB8	medium	0	u32	1	4	40	s0|ra	orphan
0x80033E6C	128	func_80033E6C	medium	0	u32	0	5	24	ra	orphan
0x80033F68	396	func_80033F68	medium	0	u32	1	7	48	s0|s1|s2|ra	break|addr_taken|orphan
0x800340F4	100	func_800340F4	medium	0	u32	1	3	24	s0|ra	orphan
0x80034158	100	func_80034158	medium	0	u32	2	3	24	s0|ra	addr_taken|orphan
0x800341BC	280	func_800341BC	medium	0	u32	1	7	32	s0|ra	orphan
0x8003433C	176	func_8003433C	medium	0	u32	0	3	40	s0|ra	orphan
0x800344BC	308	func_800344BC	medium	0	u32	1	3	32	s0|ra	addr_taken|orphan
0x800345F0	140	func_800345F0	medium	0	u32	2	2	24	s0|ra	orphan
0x8003467C	160	func_8003467C	medium	1	u32	4	1	40	s0|s1|ra	orphan
0x8003471C	372	func_8003471C	medium	0	u32	2	5	40	s0|ra	break|addr_taken|orphan
0x80034890	100	func_80034890	low	0	u32	2	1	0	ra	orphan
0x800348F4	52	func_800348F4	medium	0	u32	2	2	24	ra	orphan
0x80034928	76	func_80034928	medium	0	u32	7	2	24	s0|ra	orphan
0x80034974	116	func_80034974	medium	0	u32	7	2	24	s0|ra	orphan
0x800349E8	64	func_800349E8	medium	0	u32	4	2	32	s0|ra	orphan
0x80034A28	292	func_80034A28	medium	0	u32	1	9	48	s0|ra	addr_taken|orphan
0x80034B4C	236	func_80034B4C	medium	0	u32	1	6	24	s0|ra	orphan
0x80034C38	68	func_80034C38	medium	0	u32	1	2	24	s0|ra	orphan
0x80034C7C	352	func_80034C7C	medium	0	u32	1	10	48	s0|ra	addr_taken|orphan
0x80034DDC	596	func_80034DDC	medium	0	u32	1	12	0	s0|ra	addr_taken|orphan
0x80035030	112	func_80035030	medium	0	u32	5	2	24	s0|ra	orphan
0x800350A0	364	func_800350A0	medium	0	u32	1	8	48	s0|ra	addr_taken|orphan
0x8003520C	160	func_8003520C	medium	0	u32	2	4	24	s0|ra	orphan
0x800352AC	404	func_800352AC	medium	0	u32	1	12	48	s0|ra	addr_taken|orphan
0x80035440	72	func_80035440	medium	0	u32	2	4	24	ra	addr_taken|orphan
0x80035488	308	func_80035488	medium	0	u32	1	9	48	s0|ra	addr_taken|orphan
0x800355BC	88	func_800355BC	medium	0	u32	5	3	24	s0|ra	orphan
0x800356E4	76	func_800356E4	low	0	u32	1	2	0	ra	orphan
0x80035730	76	func_80035730	low	0	u32	1	2	0	ra	orphan
0x8003577C	344	func_8003577C	medium	0	u32	1	9	0	s0|ra	addr_taken|orphan
0x800358D4	180	func_800358D4	medium	0	u32	3	3	24	s0|ra	orphan
0x80035988	400	func_80035988	medium	0	u32	1	12	48	s0|ra	addr_taken|orphan
0x80035B18	100	func_80035B18	medium	0	u32	2	3	24	ra	orphan
0x80035B7C	556	func_80035B7C	medium	0	u32	1	9	48	s0|ra	addr_taken|orphan
0x80035DA8	168	func_80035DA8	medium	0	u32	2	2	24	s0|ra	orphan
0x80035E50	52	func_80035E50	medium	0	u32	3	2	24	ra	orphan
0x80035E84	512	func_80035E84	medium	4	u32	4	3	96	s0|s1|ra	addr_taken|orphan
0x80036084	1088	func_80036084	medium	0	u32	2	19	56	s0|s1|ra	addr_taken|orphan
0x800364C4	216	func_800364C4	medium	0	u32	8	3	0	s0|ra	addr_taken|orphan
0x8003659C	148	func_8003659C	medium	2	u32	3	4	32	s0|s1|ra	orphan
0x80036630	52	func_80036630	medium	0	u32	4	1	24	ra	orphan
0x80036704	64	func_80036704	medium	0	u32	1	1	24	ra	orphan
0x80036780	132	func_80036780	medium	0	u32	1	3	24	s0|ra	orphan
0x80036A58	60	func_80036A58	medium	0	u32	0	2	24	ra	orphan
0x80036A94	160	func_80036A94	medium	0	u32	1	3	32	s0|s1|ra	orphan
0x80036B34	204	func_80036B34	medium	0	u32	1	5	40	s0|ra	addr_taken|orphan
0x80036CC0	384	func_80036CC0	medium	0	u32	0	8	40	s0|s1|ra	orphan
0x80036E40	424	func_80036E40	medium	0	u32	0	6	48	s0|s1|ra	orphan|indirect
0x80037214	152	func_80037214	medium	0	u32	1	3	24	s0|ra	orphan
0x80037424	132	func_80037424	medium	0	u32	1	2	24	s0|ra	orphan
0x80037594	72	func_80037594	low	0	u32	0	0	0		leaf|orphan
0x80037654	228	func_80037654	medium	0	u32	1	6	48	s0|ra	addr_taken|orphan
0x80037738	140	func_80037738	medium	0	u32	0	4	24	s0|ra	orphan
0x800377EC	88	func_800377EC	medium	0	u32	0	1	24	ra	orphan
0x80037844	128	func_80037844	medium	1	u32	0	2	32	s0|s1|ra	orphan
0x80037CE8	160	func_80037CE8	medium	0	u32	0	3	24	s0|ra	orphan
0x80037F10	8	func_80037F10	low	0	void	0	0	0		leaf|orphan
0x80037F18	8	func_80037F18	high	0	void	1	0	0		leaf
0x80037F20	172	func_80037F20	medium	1	u32	0	3	40	s0|s1|s2|s3|ra	orphan
0x80038038	656	func_80038038	medium	4	u32	2	1	104	s0|s1|s2|s3|ra	orphan
0x800382C8	180	func_800382C8	medium	4	u32	4	1	24	s0|ra	orphan
0x8003837C	76	func_8003837C	low	0	u32	7	1	0	ra	orphan
0x800383C8	108	func_800383C8	medium	1	u32	3	3	32	s0|ra	orphan
0x80038434	368	func_80038434	medium	1	u32	0	9	48	s0|s1|s2|s3|s4|ra	orphan
0x800385EC	140	func_800385EC	medium	1	u32	2	1	24	s0|ra	orphan
0x80038678	128	func_80038678	low	0	u32	1	4	0	ra	orphan
0x800386F8	128	func_800386F8	low	0	u32	1	4	0	ra	orphan
0x80038778	144	func_80038778	medium	1	u32	2	1	24	s0|ra	orphan
0x80038808	92	func_80038808	medium	0	u32	1	3	24	ra	orphan
0x80038864	92	func_80038864	medium	0	u32	1	3	24	ra	orphan
0x800388C0	572	func_800388C0	low	1	u32	0	7	0	s0|s1|s2|s3|s4|ra	orphan
0x80038AFC	524	func_80038AFC	low	1	u32	1	5	0	s0|s1|s2|s3|ra	orphan
0x80038EC8	336	func_80038EC8	medium	2	u32	0	4	40	s0|s1|s2|s3|s4|ra	orphan
0x80039504	152	func_80039504	medium	0	u32	0	3	40	s0|ra	orphan
0x80039680	100	func_80039680	medium	2	u32	0	2	32	s0|s1|ra	orphan
0x800397CC	172	func_800397CC	medium	1	u32	0	2	32	s0|s1|ra	orphan
0x800399E4	152	func_800399E4	medium	0	u32	0	3	40	s0|ra	orphan
0x80039B2C	88	func_80039B2C	medium	0	u32	0	2	24	s0|ra	orphan
0x80039EC8	220	func_80039EC8	medium	0	u32	0	3	40	s0|ra	orphan
0x8003A04C	132	func_8003A04C	medium	0	u32	1	1	32	s0|s1|ra	orphan
0x8003A1F4	68	func_8003A1F4	low	2	u32	1	0	0		leaf|orphan
0x8003A238	12	func_8003A238	low	0	u32	2	0	0		leaf|orphan
0x8003A244	16	func_8003A244	low	0	u32	1	0	0		leaf|orphan
0x8003A254	16	func_8003A254	low	0	u32	6	0	0		leaf|orphan
0x8003A264	88	func_8003A264	low	0	u32	1	0	0		leaf|orphan
0x8003A2BC	380	func_8003A2BC	medium	4	u32	1	5	48	s0|s1|s2|s3|s4|ra	orphan
0x8003A438	104	func_8003A438	medium	1	u32	1	2	40	s0|s1|s2|ra	orphan
0x8003A588	172	func_8003A588	medium	0	u32	0	4	40	s0|ra	orphan
0x8003A634	272	func_8003A634	medium	4	u32	2	3	48	s0|s1|s2|s3|s4|s5|s6|ra	orphan
0x8003A744	144	func_8003A744	low	1	u32	0	0	0		leaf|orphan
0x8003A7D4	392	func_8003A7D4	medium	0	u32	1	5	40	s0|ra	orphan
0x8003A95C	116	func_8003A95C	medium	0	u32	1	4	32	ra	addr_taken|orphan
0x8003A9D0	584	func_8003A9D0	medium	0	u32	1	2	40	s0|s1|ra	orphan
0x8003AC18	64	func_8003AC18	low	0	u32	0	1	0	ra	orphan
0x8003AF38	392	func_8003AF38	medium	0	u32	1	4	32	s0|s1|ra	orphan
0x8003B0C0	108	func_8003B0C0	medium	1	u32	1	0	48	ra	orphan|indirect
0x8003B154	32	func_8003B154	high	0	void	0	1	24	ra	addr_taken
0x8003B314	100	func_8003B314	verified	0	u32	1	3	24	s0|ra	
0x8003B378	208	func_8003B378	medium	0	u32	1	3	40	s0|ra	addr_taken|orphan
0x8003B4E4	100	func_8003B4E4	medium	0	u32	0	3	24	s0|ra	orphan
0x8003B82C	196	func_8003B82C	medium	0	u32	0	1	24	ra	orphan
0x8003BD00	100	func_8003BD00	medium	0	u32	0	1	24	s0|ra	orphan
0x8003C050	212	func_8003C050	medium	0	u32	0	3	32	s0|ra	orphan
0x8003C4A4	264	func_8003C4A4	medium	0	u32	0	3	32	s0|ra	orphan
0x8003CA1C	76	func_8003CA1C	medium	0	u32	0	1	24	ra	orphan
0x8003CA68	68	func_8003CA68	medium	0	u32	0	1	24	ra	orphan
0x8003CAAC	248	func_8003CAAC	medium	0	u32	2	2	32	s0|s1|s2|ra	orphan
0x8003CD64	92	func_8003CD64	medium	0	u32	0	4	24	ra	orphan
0x8003CDC0	24	func_8003CDC0	low	0	u32	1	1	0		leaf|orphan
0x8003CDD8	264	func_8003CDD8	low	4	u32	2	0	0		leaf|orphan
0x8003CEE0	80	func_8003CEE0	low	0	u32	0	2	0	ra	orphan
0x8003CF6C	272	func_8003CF6C	medium	0	u32	0	4	40	s0|ra	orphan
0x8003D0FC	64	func_8003D0FC	medium	0	u32	2	2	24	s0|ra	orphan
0x8003D13C	72	func_8003D13C	medium	0	u32	2	1	24	s0|ra	orphan
0x8003D184	292	func_8003D184	medium	0	u32	2	3	40	s0|ra	orphan
0x8003D2A8	480	func_8003D2A8	medium	0	u32	1	4	48	s0|ra	orphan
0x8003D488	200	func_8003D488	medium	0	u32	1	5	32	s0|ra	addr_taken|orphan
0x8003D550	200	func_8003D550	medium	2	u32	0	3	24	s0|ra	orphan
0x8003D7E4	152	func_8003D7E4	medium	0	u32	0	3	40	s0|ra	orphan
0x8003D924	80	func_8003D924	low	0	u32	1	1	0	ra	orphan
0x8003D974	828	func_8003D974	medium	0	u32	1	11	0	s0|ra	addr_taken|orphan
0x8003DCB0	188	func_8003DCB0	medium	2	u32	0	3	24	s0|ra	orphan
0x8003DFFC	220	func_8003DFFC	medium	3	u32	0	3	24	s0|ra	orphan
0x8003E0D8	340	func_8003E0D8	medium	0	u32	1	5	48	s0|ra	addr_taken|orphan
0x8003E22C	160	func_8003E22C	low	0	u32	1	4	0	ra	orphan
0x8003E2CC	244	func_8003E2CC	medium	0	u32	0	5	24	s0|ra	orphan
0x8003E3C0	420	func_8003E3C0	medium	0	u32	1	3	32	s0|s1|ra	addr_taken|orphan
0x8003E5BC	40	func_8003E5BC	low	0	u32	1	0	0		leaf|orphan
0x8003E5E4	108	func_8003E5E4	low	0	u32	1	2	0	ra	orphan
0x8003E6CC	188	func_8003E6CC	medium	0	u32	1	6	32	s0|ra	orphan
0x8003E7B8	212	func_8003E7B8	medium	0	u32	1	2	40	s0|ra	orphan
0x8003E88C	84	func_8003E88C	medium	0	u32	0	2	24	s0|ra	orphan
0x8003E8E0	160	func_8003E8E0	medium	0	u32	2	4	32	s0|ra	addr_taken|orphan
0x8003E980	376	func_8003E980	medium	0	u32	1	4	40	s0|ra	addr_taken|orphan
0x8003EB30	28	func_8003EB30	low	1	u32	2	0	0		leaf|orphan
0x8003EB4C	56	func_8003EB4C	medium	1	u32	2	1	24	s0|ra	orphan
0x8003EB84	40	func_8003EB84	medium	0	void	1	1	24	ra	orphan
0x8003EBAC	88	func_8003EBAC	medium	4	u32	1	1	24	s0|ra	orphan
0x8003EC04	120	func_8003EC04	medium	0	u32	4	2	40	s0|s1|s2|s3|ra	orphan
0x8003EC7C	632	func_8003EC7C	medium	0	u32	4	6	40	s0|s1|s2|s3|ra	orphan
0x8003EEF4	40	func_8003EEF4	low	0	u32	6	0	0		leaf|orphan
0x8003EF1C	132	func_8003EF1C	low	0	u32	1	1	0	ra	orphan
0x8003EFA0	352	func_8003EFA0	medium	0	u32	2	6	40	s0|ra	orphan
0x8003F100	132	func_8003F100	low	0	u32	1	1	0	ra	orphan
0x8003F184	320	func_8003F184	medium	0	u32	2	5	40	s0|ra	orphan
0x8003F2C4	152	func_8003F2C4	medium	0	u32	2	3	24	ra	orphan
0x8003F35C	224	func_8003F35C	medium	3	u32	1	3	40	s0|s1|s2|s3|s4|ra	orphan
0x8003F490	96	func_8003F490	low	0	u32	0	2	0	ra	orphan
0x8003F4F0	52	func_8003F4F0	medium	0	u32	2	1	24	ra	orphan
0x8003F524	412	func_8003F524	medium	0	u32	1	11	48	s0|s1|ra	addr_taken|orphan
0x8003F6C0	52	func_8003F6C0	medium	0	u32	2	1	24	ra	orphan
0x8003F6F4	408	func_8003F6F4	medium	0	u32	1	11	48	s0|s1|ra	addr_taken|orphan
0x8003F88C	212	func_8003F88C	medium	0	u32	2	2	24	s0|ra	orphan
0x8003F9C0	52	func_8003F9C0	medium	0	u32	1	1	24	ra	orphan
0x8003F9F4	436	func_8003F9F4	medium	0	u32	1	11	48	s0|s1|ra	addr_taken|orphan
0x8003FBA8	52	func_8003FBA8	medium	0	u32	1	1	24	ra	orphan
0x8003FBDC	440	func_8003FBDC	medium	0	u32	1	11	48	s0|s1|ra	addr_taken|orphan
0x8003FD94	240	func_8003FD94	medium	0	u32	2	2	24	s0|ra	orphan
0x8003FE84	128	func_8003FE84	medium	0	u32	4	2	32	s0|s1|ra	orphan
0x8003FF04	136	func_8003FF04	medium	0	u32	0	2	24	ra	orphan
0x80040030	76	func_80040030	medium	0	u32	0	2	24	ra	orphan
0x8004007C	100	func_8004007C	medium	0	u32	1	1	24	s0|ra	orphan
0x800401C0	208	func_800401C0	medium	0	u32	0	3	32	s0|s1|ra	orphan
0x80040290	96	func_80040290	medium	0	u32	1	4	24	s0|ra	addr_taken|orphan
0x80040320	232	func_80040320	medium	0	u32	1	5	40	s0|ra	orphan
0x80040504	80	func_80040504	medium	1	u32	2	1	32	s0|ra	orphan
0x80040554	100	func_80040554	low	1	u32	2	2	0	s0|ra	orphan
0x800405B8	236	func_800405B8	low	0	u32	2	1	0	ra	orphan
0x80040864	232	func_80040864	medium	0	u32	0	4	48	s0|ra	orphan
0x8004094C	128	func_8004094C	medium	0	u32	0	2	24	s0|ra	orphan
0x800409CC	204	func_800409CC	medium	0	u32	1	4	48	s0|ra	addr_taken|orphan
0x80040AE8	232	func_80040AE8	medium	0	u32	0	5	48	s0|ra	orphan
0x80040C4C	256	func_80040C4C	medium	0	u32	0	5	48	s0|ra	orphan
0x80040D4C	196	func_80040D4C	medium	0	u32	1	4	24	s0|ra	orphan
0x80040E10	64	func_80040E10	medium	0	u32	1	2	24	s0|ra	orphan
0x80040E50	168	func_80040E50	low	0	u32	4	5	0	ra	orphan
0x80040FDC	212	func_80040FDC	medium	0	u32	0	4	48	s0|ra	orphan
0x800410F8	440	func_800410F8	medium	0	u32	0	6	56	s0|ra	orphan
0x80041300	156	func_80041300	medium	0	u32	0	4	48	s0|ra	orphan
0x800413E8	72	func_800413E8	medium	0	u32	0	2	24	s0|ra	orphan
0x80041430	204	func_80041430	medium	0	u32	1	4	48	s0|ra	addr_taken|orphan
0x8004154C	184	func_8004154C	medium	0	u32	0	3	40	s0|ra	orphan
0x8004164C	212	func_8004164C	medium	0	u32	0	4	48	s0|ra	orphan
0x800417B0	220	func_800417B0	low	0	u32	0	4	0	s0|ra	orphan
0x8004188C	132	func_8004188C	medium	0	u32	7	4	24	s0|ra	orphan
0x80041A34	100	func_80041A34	medium	0	u32	1	3	32	ra	orphan
0x80041B40	100	func_80041B40	medium	0	u32	1	3	32	ra	addr_taken|orphan
0x80041CDC	168	func_80041CDC	medium	0	u32	0	3	40	s0|ra	orphan
0x80041F8C	176	func_80041F8C	medium	0	u32	0	3	32	s0|ra	orphan
0x800422EC	120	func_800422EC	medium	0	u32	0	2	32	s0|ra	orphan
0x80042364	192	func_80042364	low	0	u32	0	3	0	s0|ra	orphan
0x80042564	324	func_80042564	low	0	u32	0	4	0	s0|ra	orphan
0x8004282C	276	func_8004282C	medium	4	u32	0	0	72		leaf|orphan
0x800429C8	140	func_800429C8	medium	0	u32	0	2	32	s0|ra	orphan
0x80042A54	144	func_80042A54	low	2	u32	0	3	0		orphan
0x80042AE4	404	func_80042AE4	medium	0	u32	2	5	0	s0|ra	addr_taken|orphan
0x80042E18	152	func_80042E18	medium	0	u32	0	5	40	s0|ra	orphan
0x80042EB0	188	func_80042EB0	low	0	u32	2	4	0	ra	orphan
0x80043010	64	func_80043010	medium	0	u32	1	2	24	s0|ra	orphan
0x80043148	184	func_80043148	medium	0	u32	0	4	40	s0|ra	orphan
0x80043288	248	func_80043288	medium	0	u32	0	2	32	s0|s1|s2|ra	orphan
0x80043508	92	func_80043508	medium	0	u32	0	4	24	ra	orphan
0x80043564	64	func_80043564	medium	0	u32	1	2	24	s0|ra	orphan
0x80043634	152	func_80043634	medium	0	u32	0	3	40	s0|ra	orphan
0x800436CC	28	func_800436CC	low	0	u32	12	0	0		leaf|orphan
0x800436E8	96	func_800436E8	medium	2	u32	3	1	24	s0|ra	orphan
0x800437A0	32	func_800437A0	low	1	u32	7	0	0		leaf|orphan
0x800437C0	68	func_800437C0	low	0	u32	0	0	0		leaf|orphan
0x80043804	76	func_80043804	medium	3	u32	1	1	24	ra	orphan
0x80043884	164	func_80043884	verified	3	u32	16	1	24	ra	
0x80043960	56	func_80043960	medium	2	u32	1	1	24	ra	orphan
0x800439D4	124	func_800439D4	low	1	u32	1	0	0		leaf|orphan
0x80043A50	160	func_80043A50	medium	3	u32	17	2	40	s0|s1|s2|s3|s4|ra	orphan
0x80043AF0	164	func_80043AF0	medium	0	u32	2	2	48	s0|s1|ra	orphan
0x80043B94	56	func_80043B94	low	0	u32	6	0	0		leaf|orphan
0x80043BCC	224	func_80043BCC	medium	0	u32	2	1	32	s0|s1|s2|ra	orphan
0x80043CAC	32	func_80043CAC	low	0	u32	1	0	0		leaf|orphan
0x80043CCC	104	func_80043CCC	low	2	u32	1	0	0		leaf|orphan
0x80043D34	136	func_80043D34	low	2	u32	3	1	0	ra	orphan
0x80043DBC	172	func_80043DBC	low	1	u32	1	0	0		leaf|orphan
0x80043E68	44	func_80043E68	medium	0	u32	3	2	24	ra	orphan
0x80043F38	88	func_80043F38	low	3	u32	2	0	0		leaf|orphan
0x80043FE4	188	func_80043FE4	low	4	u32	2	0	0		leaf|break|orphan
0x800440A0	188	func_800440A0	medium	4	u32	0	1	64	s0|s1|s2|s3|ra	orphan
0x8004415C	156	func_8004415C	medium	3	u32	0	1	56	s0|s1|s2|ra	orphan
0x800441F8	100	func_800441F8	low	4	u32	1	0	0		leaf|orphan
0x800442D0	76	func_800442D0	low	2	u32	2	0	0		leaf|orphan
0x8004431C	16	func_8004431C	low	1	u32	2	0	0		leaf|orphan
0x8004432C	16	func_8004432C	low	1	u32	2	0	0		leaf|orphan
0x8004433C	72	func_8004433C	low	1	u32	6	0	0		leaf|orphan
0x800444B8	216	func_800444B8	low	1	u32	1	1	0	s0|ra	orphan
0x80044688	200	func_80044688	low	3	u32	1	0	0		leaf|orphan
0x80044750	96	func_80044750	medium	0	u32	0	2	32	ra	orphan
0x8004488C	32	func_8004488C	low	0	u32	2	0	0		leaf|orphan
0x80044C38	60	func_80044C38	low	0	u32	0	1	0		leaf|orphan
0x80044CBC	48	func_80044CBC	low	0	u32	0	1	0		leaf|orphan
0x800450A0	92	func_800450A0	medium	0	u32	2	1	24	s0|ra	orphan
0x80045130	40	func_80045130	low	1	u32	1	0	0		leaf|orphan
0x80045158	36	func_80045158	low	1	u32	1	0	0		leaf|orphan
0x8004517C	36	func_8004517C	low	1	u32	1	0	0		leaf|orphan
0x800451A0	40	func_800451A0	medium	0	u32	3	1	24	ra	orphan
0x800451C8	28	func_800451C8	low	0	u32	1	0	0		leaf|orphan
0x800451E4	16	func_800451E4	low	0	u32	3	0	0		leaf|orphan
0x800451F4	20	func_800451F4	low	0	u32	3	0	0		leaf|orphan
0x80045208	24	func_80045208	low	0	u32	0	0	0		leaf|orphan
0x80045220	24	func_80045220	low	0	u32	0	0	0		leaf|orphan
0x80045238	16	func_80045238	low	0	u32	1	0	0		leaf|orphan
0x80045248	32	func_80045248	low	1	u32	0	0	0		leaf|orphan
0x80045268	16	func_80045268	low	0	u32	0	0	0		leaf|orphan
0x80045278	24	func_80045278	low	0	u32	0	0	0		leaf|orphan
0x80045290	20	func_80045290	low	0	u32	2	0	0		leaf|orphan
0x80045378	116	func_80045378	medium	0	u32	1	1	24	s0|ra	orphan
0x800453EC	36	func_800453EC	low	1	u32	1	0	0		leaf|orphan
0x80045410	176	func_80045410	low	2	u32	0	0	0		leaf|orphan
0x800454C0	84	func_800454C0	low	2	u32	1	0	0		leaf|orphan
0x80045514	216	func_80045514	low	1	u32	1	2	0	ra	orphan
0x800455EC	56	func_800455EC	low	1	u32	2	0	0		leaf|orphan
0x80045624	88	func_80045624	low	0	u32	1	0	0		leaf|orphan
0x8004567C	52	func_8004567C	low	0	u32	1	0	0		leaf|orphan
0x80045700	380	func_80045700	medium	0	u32	0	2	144	s0|s1|ra	orphan
0x8004587C	140	func_8004587C	medium	0	u32	1	4	24	s0|ra	orphan
0x80045978	448	func_80045978	medium	0	u32	0	1	40	ra	orphan
0x80045B38	196	func_80045B38	medium	0	u32	1	3	48	s0|s1|ra	orphan
0x80045BFC	516	func_80045BFC	medium	0	u32	1	4	40	ra	orphan
0x80045E00	376	func_80045E00	medium	4	u32	1	2	40	s0|s1|s2|ra	orphan
0x80045F78	292	func_80045F78	medium	4	u32	1	2	40	s0|s1|ra	orphan
0x8004609C	516	func_8004609C	medium	4	u32	1	2	40	s0|s1|ra	orphan
0x800462A0	120	func_800462A0	medium	0	u32	4	1	40	ra	orphan
0x80046318	428	func_80046318	medium	4	u32	1	1	40	s0|s1|ra	orphan
0x80046524	76	func_80046524	medium	1	u32	2	1	40	ra	orphan
0x80046570	220	func_80046570	medium	2	u32	2	3	56	s0|s1|ra	orphan
0x8004664C	304	func_8004664C	medium	2	u32	2	3	72	s0|s1|s2|s3|ra	orphan
0x80046884	112	func_80046884	medium	0	u32	0	3	24	s0|ra	orphan
0x800468F4	724	func_800468F4	medium	0	u32	1	6	24	s0|ra	addr_taken|orphan
0x80046BC8	64	func_80046BC8	medium	0	u32	1	2	24	s0|ra	addr_taken|orphan
0x80046C08	72	func_80046C08	medium	0	u32	1	1	0	ra	addr_taken|orphan
0x80046DA0	348	func_80046DA0	medium	0	u32	0	4	48	s0|s1|ra	orphan
0x80046EFC	116	func_80046EFC	medium	0	u32	1	2	0	ra	addr_taken|orphan
0x80046F88	204	func_80046F88	medium	0	u32	2	2	24	ra	addr_taken|orphan
0x80047054	124	func_80047054	low	0	u32	2	3	0	ra	orphan
0x800470D8	240	func_800470D8	medium	0	u32	1	4	32	s0|s1|ra	addr_taken|orphan
0x8004727C	72	func_8004727C	medium	0	u32	1	3	24	ra	addr_taken|orphan
0x800472C4	960	func_800472C4	medium	0	u32	1	15	72	s0|s1|s2|s3|s4|s5|ra	addr_taken|orphan
0x80047684	132	func_80047684	medium	0	u32	3	3	24	s0|ra	addr_taken|orphan
0x80047708	284	func_80047708	medium	0	u32	1	1	56	ra	orphan
0x80047824	472	func_80047824	medium	0	u32	2	2	32	s0|ra	break|orphan
0x800479FC	248	func_800479FC	low	0	u32	1	1	0	ra	orphan
0x80047AF4	104	func_80047AF4	medium	0	u32	1	3	32	s0|s1|ra	orphan
0x80047B5C	508	func_80047B5C	medium	0	u32	2	9	72	s0|s1|s2|s3|s4|ra	addr_taken|orphan
0x80047D58	180	func_80047D58	medium	0	u32	2	5	32	s0|s1|ra	orphan
0x80047E40	84	func_80047E40	medium	0	u32	2	1	24	ra	addr_taken|orphan
0x80047E94	356	func_80047E94	medium	0	u32	1	3	48	s0|s1|ra	addr_taken|orphan
0x80048000	208	func_80048000	medium	0	u32	1	1	24	ra	orphan
0x8004820C	188	func_8004820C	low	0	u32	4	2	0	s0|s1|ra	orphan
0x800482C8	60	func_800482C8	medium	0	u32	1	2	24	ra	addr_taken|orphan
0x80048304	648	func_80048304	medium	0	u32	1	8	0	s0|s1|ra	addr_taken|orphan
0x8004858C	148	func_8004858C	medium	0	u32	1	4	0	ra	addr_taken|orphan
0x80048654	32	func_80048654	low	0	u32	1	0	0		leaf|orphan
0x80048684	456	func_80048684	medium	1	u32	2	2	112	s0|s1|s2|s3|s4|ra	orphan
0x8004884C	228	func_8004884C	medium	0	u32	2	2	48	s0|ra	addr_taken|orphan
0x80048968	1164	func_80048968	medium	0	u32	1	4	96	s0|s1|s2|s3|ra	addr_taken|orphan
0x80048E2C	444	func_80048E2C	medium	0	u32	1	3	64	s0|s1|s2|ra	addr_taken|orphan
0x8004904C	8	func_8004904C	low	0	u32	1	0	0		leaf|orphan
0x80049054	128	func_80049054	medium	1	u32	1	3	40	s0|s1|ra	orphan
0x800490D4	184	func_800490D4	medium	0	u32	1	2	24	s0|ra	orphan
0x8004918C	340	func_8004918C	medium	4	u32	1	2	24	s0|ra	orphan
0x800492E0	96	func_800492E0	low	1	u32	4	0	0		leaf|orphan
0x80049340	76	func_80049340	low	0	u32	1	2	0	ra	orphan
0x8004938C	180	func_8004938C	low	4	u32	1	0	0		leaf|orphan
0x80049440	36	func_80049440	medium	0	u32	1	1	24	ra	orphan
0x8004948C	72	func_8004948C	low	0	u32	1	1	0	ra	orphan
0x800494D4	216	func_800494D4	medium	1	u32	2	2	48	s0|s1|s2|s3|s4|ra	orphan
0x800495AC	56	func_800495AC	low	0	u32	1	0	0	ra	orphan|indirect
0x800495E4	56	func_800495E4	low	0	u32	2	0	0	ra	orphan|indirect
0x8004961C	64	func_8004961C	low	1	u32	2	0	0		leaf|orphan
0x8004965C	52	func_8004965C	medium	1	u32	3	1	24	ra	orphan
0x80049690	24	func_80049690	low	1	u32	2	0	0		leaf|orphan
0x800496A8	332	func_800496A8	low	1	u32	2	1	0	ra	orphan
0x800497F4	136	func_800497F4	medium	2	u32	1	3	32	s0|s1|s2|ra	orphan
0x8004987C	104	func_8004987C	medium	1	u32	0	6	24	s0|ra	orphan
0x80049AA4	124	func_80049AA4	medium	1	u32	0	7	32	s0|s1|ra	orphan
0x80049EF4	132	func_80049EF4	low	0	u32	0	0	0		leaf|orphan
0x80049F78	132	func_80049F78	low	0	u32	0	0	0		leaf|orphan
0x8004A2A4	64	func_8004A2A4	low	1	u32	0	0	0	ra	orphan|indirect
0x8004A8A8	76	func_8004A8A8	low	1	u32	1	0	0		leaf|orphan
0x8004A8F4	112	func_8004A8F4	low	0	u32	2	0	0		leaf|orphan
0x8004A964	768	func_8004A964	medium	0	u32	0	6	40	s0|s1|ra	orphan
0x8004AC64	116	func_8004AC64	medium	0	u32	1	1	24	ra	addr_taken|orphan
0x8004AD2C	732	func_8004AD2C	medium	0	u32	1	11	56	s0|s1|ra	orphan
0x8004B008	136	func_8004B008	medium	0	u32	1	4	24	s0|ra	orphan
0x8004B090	180	func_8004B090	medium	0	u32	1	4	40	s0|ra	addr_taken|orphan
0x8004B144	52	func_8004B144	medium	0	u32	2	2	24	ra	orphan
0x8004B1A0	152	func_8004B1A0	medium	0	u32	0	3	40	s0|ra	orphan
0x8004B438	228	func_8004B438	medium	4	u32	0	5	32	s0|ra	orphan
0x8004B51C	280	func_8004B51C	medium	0	u32	1	9	40	s0|ra	addr_taken|orphan
0x8004B634	260	func_8004B634	medium	4	u32	1	4	48	s0|ra	orphan|indirect
0x8004B888	200	func_8004B888	medium	4	u32	3	2	48	s0|s1|s2|s3|s4|s5|s6|ra	orphan
0x8004BADC	44	func_8004BADC	low	0	u32	0	0	0		leaf|orphan
0x8004BB88	84	func_8004BB88	low	1	u32	0	0	0		leaf|orphan
0x8004C31C	52	func_8004C31C	low	0	u32	0	0	0		leaf|orphan
0x8004C854	40	func_8004C854	low	0	u32	1	0	0		leaf|orphan
0x8004C87C	56	func_8004C87C	low	0	u32	1	0	0		leaf|orphan
0x8004CC08	112	func_8004CC08	medium	0	u32	0	3	24	s0|ra	orphan
0x8004CDD4	72	func_8004CDD4	low	0	u32	0	0	0		leaf|orphan
0x8004CEB4	112	func_8004CEB4	medium	0	u32	0	1	24	ra	orphan
0x8004CF7C	124	func_8004CF7C	low	0	u32	0	1	0	ra	orphan
0x8004D120	176	func_8004D120	medium	1	u32	2	2	48	s0|s1|ra	orphan
0x8004D1D0	56	func_8004D1D0	low	0	u32	2	0	0		leaf|orphan
0x8004D208	96	func_8004D208	low	0	u32	1	0	0		leaf|orphan
0x8004D268	520	func_8004D268	medium	0	u32	1	4	32	s0|s1|ra	addr_taken|orphan
0x8004D470	440	func_8004D470	medium	0	u32	1	5	56	s0|s1|s2|s3|s4|ra	orphan
0x8004D700	276	func_8004D700	medium	0	u32	0	5	40	s0|ra	orphan
0x8004D814	120	func_8004D814	medium	2	u32	1	2	32	s0|s1|ra	orphan
0x8004D88C	184	func_8004D88C	medium	4	u32	2	4	40	s0|s1|s2|s3|s4|ra	orphan
0x8004D96C	40	func_8004D96C	medium	0	void	2	1	32	ra	orphan
0x8004D994	56	func_8004D994	medium	4	void	0	1	32	ra	orphan
0x8004D9CC	68	func_8004D9CC	medium	0	u32	2	1	24	ra	orphan
0x8004DA60	88	func_8004DA60	medium	0	u32	1	2	24	s0|ra	addr_taken|orphan
0x8004E108	40	func_8004E108	medium	0	void	1	2	24	ra	orphan
0x8004E130	108	func_8004E130	low	0	u32	1	1	0	ra	orphan
0x8004E19C	180	func_8004E19C	medium	0	u32	1	4	40	s0|ra	addr_taken|orphan
0x8004EBD0	400	func_8004EBD0	medium	1	u32	0	4	32	s0|s1|s2|ra	orphan
0x8004ED60	268	func_8004ED60	medium	0	u32	1	7	48	s0|ra	addr_taken|orphan
0x8004EE6C	60	func_8004EE6C	medium	0	u32	0	1	24	ra	orphan
0x8004EF1C	104	func_8004EF1C	medium	0	u32	0	2	24	s0|ra	orphan
0x8004F0B8	100	func_8004F0B8	medium	1	u32	3	1	32	s0|s1|ra	orphan
0x8004F11C	40	func_8004F11C	medium	0	void	0	2	24	ra	orphan
0x8004F144	40	func_8004F144	medium	0	void	0	2	24	ra	orphan
0x8004F16C	40	func_8004F16C	medium	0	void	0	2	24	ra	orphan
0x8004F1EC	476	func_8004F1EC	medium	0	u32	3	2	32	s0|s1|s2|ra	orphan
0x8004F3C8	344	func_8004F3C8	medium	0	u32	1	5	48	s0|ra	addr_taken|orphan
0x8004F520	92	func_8004F520	medium	1	void	0	2	32	s0|s1|ra	orphan
0x8004F59C	92	func_8004F59C	medium	1	void	0	2	32	s0|s1|ra	orphan
0x8004F618	120	func_8004F618	medium	1	u32	0	2	32	s0|s1|s2|ra	orphan
0x8004F6B0	120	func_8004F6B0	medium	1	u32	0	2	32	s0|s1|s2|ra	orphan
0x8004F748	120	func_8004F748	medium	1	u32	0	2	32	s0|s1|s2|ra	orphan
0x8004F950	248	func_8004F950	low	0	u32	0	4	0	s0|s1|s2|s3|ra	orphan
0x8004FA48	308	func_8004FA48	medium	0	u32	1	4	32	s0|s1|ra	orphan
0x8004FC70	148	func_8004FC70	medium	0	u32	0	2	24	s0|ra	orphan
0x8004FDFC	256	func_8004FDFC	medium	0	u32	2	1	24	s0|ra	orphan
0x8004FEFC	240	func_8004FEFC	medium	1	u32	2	1	32	s0|s1|s2|ra	orphan
0x8004FFEC	68	func_8004FFEC	medium	0	void	0	3	24	ra	orphan
0x80050030	68	func_80050030	medium	0	void	1	3	24	ra	orphan
0x80050100	128	func_80050100	medium	0	u32	0	3	24	s0|ra	orphan
0x80050180	328	func_80050180	medium	0	u32	1	5	48	s0|ra	addr_taken|orphan
0x800502C8	92	func_800502C8	medium	0	u32	2	1	24	s0|ra	orphan
0x80050384	64	func_80050384	medium	0	u32	0	2	24	ra	orphan
0x80050404	112	func_80050404	medium	0	u32	0	3	24	ra	orphan
0x80050658	236	func_80050658	medium	0	u32	0	3	48	s0|s1|ra	orphan
0x80050808	152	func_80050808	medium	0	u32	0	3	40	s0|ra	orphan
0x80050904	152	func_80050904	medium	0	u32	1	3	40	s0|ra	orphan
0x800509F8	180	func_800509F8	medium	0	u32	0	3	32	s0|s1|ra	orphan
0x80050AF8	76	func_80050AF8	low	0	u32	1	0	0		leaf|orphan
0x80050B6C	208	func_80050B6C	medium	0	u32	1	1	32	s0|s1|ra	orphan
0x80050C8C	16	func_80050C8C	low	0	u32	2	0	0		leaf|orphan
0x80050C9C	40	func_80050C9C	low	1	u32	1	0	0		leaf|orphan
0x80050CC4	80	func_80050CC4	low	0	u32	1	0	0		leaf|orphan
0x80050D14	356	func_80050D14	low	0	u32	6	0	0		leaf|orphan
0x80050EE8	44	func_80050EE8	high	1	u32	1	0	0		leaf
0x80050F14	60	func_80050F14	low	1	u32	1	0	0		leaf|orphan
0x80050F50	160	func_80050F50	medium	0	u32	1	1	24	s0|ra	orphan
0x80050FF0	336	func_80050FF0	low	0	u32	1	0	0		leaf|orphan
0x80051140	152	func_80051140	low	1	u32	2	0	0		leaf|orphan
0x800511D8	312	func_800511D8	low	1	u32	2	0	0		leaf|orphan
0x80051310	1368	func_80051310	medium	4	u32	1	4	48	s0|s1|s2|s3|s4|s5|ra	orphan
0x80051868	1144	func_80051868	medium	3	u32	24	3	80	s0|s1|s2|s3|s4|s5|s6|s7|fp|ra	orphan
0x80051CE0	88	func_80051CE0	low	1	u32	1	0	0		leaf|orphan
0x80051D38	16	func_80051D38	low	0	u32	1	0	0		leaf|orphan
0x80051D48	16	func_80051D48	low	0	u32	2	0	0		leaf|orphan
0x80051D88	860	func_80051D88	medium	2	u32	7	4	72	s0|s1|s2|s3|s4|s5|s6|s7|fp|ra	orphan
0x800521C0	32	func_800521C0	medium	0	void	3	1	24	ra	orphan
0x800521E0	884	func_800521E0	medium	0	u32	2	4	72	s0|s1|s2|s3|s4|ra	orphan
0x80052554	68	func_80052554	high	1	u32	2	0	0		leaf
0x80052598	168	func_80052598	verified	1	u32	1	1	24	s0|ra	
0x800526C4	284	func_800526C4	medium	2	u32	2	2	40	s0|ra	orphan
0x800527E0	40	func_800527E0	medium	2	u32	1	1	32	ra	orphan
0x80052808	40	func_80052808	low	1	u32	2	0	0		leaf|orphan
0x80052830	48	func_80052830	low	2	u32	1	0	0		leaf|orphan
0x80052860	248	func_80052860	medium	1	u32	1	1	48	s0|s1|s2|s3|s4|s5|ra	orphan
0x80052958	88	func_80052958	low	0	u32	35	0	0		leaf|orphan
0x800529B0	56	func_800529B0	medium	1	u32	13	1	24	s0|ra	orphan
0x800529E8	108	func_800529E8	low	2	u32	19	0	0		leaf|orphan
0x80052A54	108	func_80052A54	low	2	u32	2	0	0		leaf|orphan
0x80052AC0	272	func_80052AC0	low	2	u32	9	0	0		leaf|orphan
0x80052BD0	116	func_80052BD0	low	2	u32	0	0	0		leaf|orphan
0x80052ED0	120	func_80052ED0	low	2	u32	0	0	0		leaf|orphan
0x80052F80	204	func_80052F80	medium	1	u32	0	0	88	s0|ra	orphan|indirect
0x800534D4	228	func_800534D4	low	0	u32	1	1	0	s0|s1|ra	orphan
0x800535B8	88	func_800535B8	low	0	u32	7	0	0		leaf|orphan
0x80053610	40	func_80053610	low	1	u32	2	0	0		leaf|orphan
0x80053638	64	func_80053638	medium	1	u32	1	1	24	ra	orphan
0x80053678	48	func_80053678	medium	0	void	1	1	24	ra	orphan
0x800536A8	196	func_800536A8	low	0	u32	1	1	0	ra	orphan
0x8005376C	196	func_8005376C	low	1	u32	1	1	0	s0|s1|s2|ra	orphan
0x80053830	364	func_80053830	medium	4	u32	1	0	32	s0|s1|s2|ra	orphan|indirect
0x8005399C	316	func_8005399C	medium	3	u32	0	3	40	s0|s1|s2|s3|ra	orphan
0x80053D60	268	func_80053D60	medium	3	u32	2	1	40	s0|s1|s2|ra	orphan
0x80054084	288	func_80054084	medium	4	u32	6	1	40	s0|s1|s2|s3|s4|ra	orphan
0x8005422C	212	func_8005422C	low	3	u32	1	0	0		leaf|orphan
0x80054300	64	func_80054300	low	0	u32	1	0	0		leaf|orphan
0x80054340	152	func_80054340	medium	0	u32	4	1	24	s0|ra	orphan
0x800543D8	32	func_800543D8	low	2	u32	2	0	0		leaf|orphan
0x800544A8	192	func_800544A8	medium	0	u32	0	7	40	s0|ra	orphan
0x80054624	196	func_80054624	medium	0	u32	0	6	40	s0|ra	orphan
0x80054740	8	func_80054740	low	0	void	0	0	0		leaf|orphan
0x80054748	108	func_80054748	medium	4	u32	1	0	16		leaf|orphan
0x800547B4	44	func_800547B4	low	0	u32	1	0	0		leaf|orphan
0x800547E0	304	func_800547E0	medium	1	u32	2	2	48	s0|s1|s2|s3|s4|ra	orphan
0x80054B2C	360	func_80054B2C	medium	0	u32	0	9	56	s0|s1|ra	orphan
0x80054C94	1860	func_80054C94	medium	0	u32	1	18	72	s0|s1|s2|s3|s4|ra	addr_taken|orphan
0x8005546C	272	func_8005546C	medium	0	u32	0	4	48	s0|ra	orphan
0x8005557C	108	func_8005557C	medium	0	u32	1	4	24	s0|ra	orphan
0x800555E8	144	func_800555E8	medium	0	u32	2	5	24	s0|ra	orphan
0x8005570C	152	func_8005570C	medium	0	u32	0	3	40	s0|ra	orphan
0x8005583C	32	func_8005583C	medium	0	void	3	1	24	ra	orphan
0x8005585C	32	func_8005585C	medium	0	void	0	1	24	ra	orphan
0x8005589C	56	func_8005589C	medium	1	void	2	1	24	s0|ra	orphan
0x800558D4	344	func_800558D4	medium	3	u32	3	1	64	s0|s1|s2|s3|s4|s5|s6|ra	orphan
0x80055A2C	32	func_80055A2C	medium	0	void	1	1	24	ra	orphan
0x80055A4C	32	func_80055A4C	medium	0	void	0	1	24	ra	orphan
0x80055A6C	32	func_80055A6C	medium	0	void	1	1	24	ra	orphan
0x80055A8C	164	func_80055A8C	medium	1	u32	3	3	56	s0|s1|s2|s3|ra	orphan
0x80055B30	316	func_80055B30	medium	0	u32	1	3	40	s0|ra	orphan
0x80055CC8	472	func_80055CC8	medium	0	u32	1	3	72	s0|s1|s2|s3|ra	orphan
0x80056080	176	func_80056080	medium	0	u32	0	5	40	s0|ra	orphan
0x800561F0	160	func_800561F0	medium	0	u32	0	4	40	s0|ra	orphan
0x80056290	108	func_80056290	medium	0	u32	2	1	24	s0|ra	orphan
0x800563D0	236	func_800563D0	medium	0	u32	0	4	56	s0|ra	orphan
0x800564BC	48	func_800564BC	low	0	u32	1	0	0		leaf|orphan
0x800564EC	52	func_800564EC	medium	1	u32	1	1	24	ra	orphan
0x80056564	232	func_80056564	medium	0	u32	1	4	48	s0|ra	addr_taken|orphan
0x8005664C	96	func_8005664C	medium	0	u32	0	2	24	s0|ra	orphan
0x80056728	236	func_80056728	medium	4	u32	4	2	32	s0|ra	orphan
0x80056814	68	func_80056814	low	0	u32	2	1	0	ra	orphan
0x80056858	68	func_80056858	low	0	u32	2	1	0	ra	orphan
0x8005689C	156	func_8005689C	medium	0	u32	0	4	48	s0|ra	orphan
0x800569B0	128	func_800569B0	medium	0	u32	2	2	24	ra	orphan
0x80056AA8	260	func_80056AA8	medium	0	u32	0	8	56	s0|s1|ra	orphan
0x80056BAC	244	func_80056BAC	medium	0	u32	0	6	48	s0|ra	orphan
0x80056D4C	84	func_80056D4C	medium	0	u32	1	2	32	s0|s1|ra	addr_taken|orphan
0x80056DA0	200	func_80056DA0	medium	0	u32	0	6	56	s0|s1|ra	orphan
0x80056F04	272	func_80056F04	medium	0	u32	1	9	56	s0|s1|ra	addr_taken|orphan
0x80057014	88	func_80057014	medium	0	u32	1	3	24	s0|ra	orphan
0x8005706C	156	func_8005706C	medium	0	u32	1	4	48	s0|ra	addr_taken|orphan
0x80057108	88	func_80057108	medium	0	u32	0	3	24	s0|ra	orphan
0x80057160	56	func_80057160	low	0	u32	0	1	0	ra	orphan
0x800571C4	48	func_800571C4	low	0	u32	3	0	0		leaf|orphan
0x800571F4	48	func_800571F4	low	0	u32	1	0	0		leaf|orphan
0x80057224	84	func_80057224	medium	0	u32	2	1	32	ra	orphan
0x80057278	80	func_80057278	medium	0	u32	2	1	32	ra	orphan
0x800572C8	40	func_800572C8	low	0	u32	1	0	0		leaf|orphan
0x800572F0	92	func_800572F0	low	0	u32	2	2	0	ra	orphan
0x8005734C	72	func_8005734C	low	0	u32	1	0	0		leaf|orphan
0x80057394	44	func_80057394	low	0	u32	0	1	0	ra	orphan
0x800573C0	72	func_800573C0	low	0	u32	1	0	0		leaf|orphan
0x80057408	68	func_80057408	low	0	u32	1	0	0		leaf|orphan
0x80057508	208	func_80057508	medium	0	u32	1	5	40	s0|ra	orphan
0x800575D8	336	func_800575D8	medium	0	u32	0	4	40	s0|s1|s2|ra	orphan
0x80057930	92	func_80057930	medium	0	u32	1	1	24	s0|ra	orphan
0x8005798C	208	func_8005798C	medium	0	u32	0	4	40	s0|ra	orphan
0x80057BB0	156	func_80057BB0	medium	0	u32	1	4	48	s0|ra	addr_taken|orphan
0x80057C4C	120	func_80057C4C	medium	0	u32	0	3	24	ra	orphan
0x80057D84	152	func_80057D84	medium	0	u32	1	4	40	s0|ra	addr_taken|orphan
0x80057E1C	92	func_80057E1C	medium	0	u32	0	3	24	s0|ra	orphan
0x80057E78	284	func_80057E78	medium	0	u32	0	7	40	s0|ra	orphan
0x80058018	224	func_80058018	medium	0	u32	1	6	40	s0|ra	addr_taken|orphan
0x800580F8	92	func_800580F8	medium	0	u32	0	3	24	s0|ra	orphan
0x80058154	104	func_80058154	medium	0	u32	5	3	24	s0|ra	orphan
0x800581BC	60	func_800581BC	low	0	u32	2	1	0	ra	orphan
0x800581F8	136	func_800581F8	medium	0	u32	1	3	24	ra	orphan
0x80058280	124	func_80058280	medium	0	u32	4	3	32	s0|ra	orphan
0x800582FC	44	func_800582FC	low	0	u32	0	0	0		leaf|orphan
0x800583B8	152	func_800583B8	medium	0	u32	2	2	32	ra	orphan
0x80058450	112	func_80058450	medium	0	u32	0	1	24	s0|ra	orphan
0x80058510	72	func_80058510	low	1	u32	2	0	0		leaf|orphan
0x80058558	60	func_80058558	medium	0	u32	12	2	24	ra	orphan
0x80058594	88	func_80058594	medium	0	u32	10	2	24	ra	orphan
0x800585EC	32	func_800585EC	medium	0	void	3	1	24	ra	addr_taken|orphan
0x8005860C	184	func_8005860C	medium	0	u32	0	3	24	s0|ra	orphan
0x800586C4	124	func_800586C4	medium	0	u32	12	3	32	s0|ra	orphan
0x80058740	36	func_80058740	low	0	u32	0	0	0		leaf|orphan
0x80058764	100	func_80058764	low	0	u32	3	1	0	ra	orphan
0x800587C8	28	func_800587C8	low	0	u32	0	0	0		leaf|orphan
0x800587E4	28	func_800587E4	low	0	u32	0	0	0		leaf|orphan
0x80058828	200	func_80058828	medium	1	u32	0	3	24	s0|ra	orphan
0x800588F0	168	func_800588F0	medium	1	u32	1	1	24	s0|ra	orphan
0x80058998	52	func_80058998	medium	1	u32	1	1	24	ra	orphan
0x800589CC	252	func_800589CC	medium	1	u32	1	3	40	s0|s1|s2|s3|s4|ra	orphan
0x80058C74	52	func_80058C74	medium	0	u32	0	1	24	ra	orphan
0x80058D20	192	func_80058D20	medium	0	u32	1	4	48	s0|ra	orphan
0x80058DE0	220	func_80058DE0	medium	0	u32	0	3	40	s0|s1|s2|ra	orphan
0x80058F38	160	func_80058F38	medium	0	u32	0	5	48	s0|ra	orphan
0x80059020	164	func_80059020	medium	0	u32	0	4	40	s0|ra	orphan
0x80059110	224	func_80059110	medium	0	u32	0	5	40	s0|ra	orphan
0x80059244	236	func_80059244	medium	0	u32	0	4	48	s0|s1|ra	orphan
0x80059384	164	func_80059384	medium	0	u32	0	4	40	s0|ra	orphan
0x80059474	152	func_80059474	medium	0	u32	0	4	40	s0|ra	orphan
0x80059558	176	func_80059558	medium	0	u32	0	5	48	s0|ra	orphan
0x8005966C	164	func_8005966C	medium	0	u32	0	5	40	s0|ra	orphan
0x80059760	8	func_80059760	low	0	void	1	0	0		leaf|orphan
0x80059768	164	func_80059768	medium	0	u32	1	3	32	ra	orphan
0x8005980C	164	func_8005980C	medium	0	u32	1	3	32	ra	orphan
0x800598B0	32	func_800598B0	medium	0	void	0	1	24	ra	orphan
0x800598D0	64	func_800598D0	medium	0	u32	2	2	24	ra	orphan
0x80059980	196	func_80059980	medium	0	u32	0	1	24	s0|ra	orphan
0x80059AEC	200	func_80059AEC	medium	0	u32	1	3	24	s0|ra	orphan
0x80059BB4	144	func_80059BB4	medium	0	u32	0	2	24	s0|ra	orphan
0x80059C44	716	func_80059C44	medium	0	u32	0	9	40	s0|s1|s2|ra	orphan
0x80059F9C	220	func_80059F9C	medium	0	u32	1	4	40	s0|ra	addr_taken|orphan
0x8005A078	232	func_8005A078	medium	0	u32	0	2	24	s0|ra	orphan
0x8005A264	232	func_8005A264	medium	0	u32	0	4	40	s0|ra	orphan
0x8005A414	216	func_8005A414	medium	0	u32	1	6	40	s0|ra	addr_taken|orphan
0x8005A590	140	func_8005A590	low	1	u32	1	2	0	s0|ra	orphan
0x8005A61C	252	func_8005A61C	medium	0	u32	0	5	40	s0|ra	orphan
0x8005A7A4	252	func_8005A7A4	medium	0	u32	1	5	40	s0|ra	addr_taken|orphan
0x8005A8A0	72	func_8005A8A0	low	0	u32	1	1	0	ra	orphan
0x8005A8E8	60	func_8005A8E8	medium	0	u32	2	2	24	ra	orphan
0x8005A924	216	func_8005A924	medium	0	u32	0	7	40	s0|ra	orphan
0x8005AA8C	160	func_8005AA8C	medium	0	u32	1	4	40	s0|ra	addr_taken|orphan
0x8005AB2C	104	func_8005AB2C	low	0	u32	1	2	0	ra	orphan
0x8005AB94	424	func_8005AB94	medium	0	u32	1	6	48	s0|s1|ra	addr_taken|orphan
0x8005AD3C	108	func_8005AD3C	medium	0	u32	2	2	24	s0|ra	addr_taken|orphan
0x8005ADA8	164	func_8005ADA8	medium	0	u32	1	1	24	ra	addr_taken|orphan
0x8005AE4C	48	func_8005AE4C	medium	0	u32	3	1	24	ra	addr_taken|orphan
0x8005AE7C	152	func_8005AE7C	medium	0	u32	0	3	40	s0|ra	orphan
0x8005AF64	260	func_8005AF64	medium	0	u32	0	6	48	s0|ra	orphan
0x8005B0D8	240	func_8005B0D8	medium	0	u32	1	5	40	s0|ra	addr_taken|orphan
0x8005B1C8	108	func_8005B1C8	medium	0	u32	0	4	24	s0|ra	orphan
0x8005B234	156	func_8005B234	medium	0	u32	1	5	40	s0|ra	addr_taken|orphan
0x8005B2D0	72	func_8005B2D0	medium	0	u32	1	2	24	s0|ra	orphan
0x8005B318	164	func_8005B318	medium	0	u32	1	6	40	s0|ra	addr_taken|orphan
0x8005B3BC	68	func_8005B3BC	medium	0	u32	0	2	24	ra	orphan
0x8005B400	168	func_8005B400	medium	0	u32	1	5	40	s0|ra	addr_taken|orphan
0x8005B4A8	180	func_8005B4A8	low	0	u32	1	4	0	s0|s1|s2|ra	orphan
0x8005B55C	176	func_8005B55C	low	0	u32	0	1	0	ra	orphan
0x8005B60C	184	func_8005B60C	medium	0	u32	0	6	40	s0|ra	orphan
0x8005B70C	56	func_8005B70C	medium	0	u32	0	1	24	ra	orphan
0x8005B744	16	func_8005B744	high	1	u32	2	0	0		leaf
0x8005B784	56	func_8005B784	low	0	u32	1	0	0		leaf|orphan
0x8005B7BC	20	func_8005B7BC	low	0	u32	4	0	0		leaf|orphan
0x8005B7D0	132	func_8005B7D0	low	0	u32	1	0	0		leaf|orphan
0x8005B854	80	func_8005B854	medium	2	u32	0	0	16		leaf|orphan
0x8005BD08	192	func_8005BD08	medium	1	u32	1	0	112	ra	orphan|indirect
0x8005BDC8	60	func_8005BDC8	medium	0	u32	0	1	24	ra	orphan
0x8005BF84	128	func_8005BF84	medium	1	u32	1	0	48	ra	orphan|indirect
0x8005C0F4	268	func_8005C0F4	medium	1	u32	0	0	64	ra	orphan|indirect
0x8005C6D4	128	func_8005C6D4	medium	1	u32	2	0	72	ra	orphan|indirect
0x8005C7A0	344	func_8005C7A0	medium	0	u32	0	4	32	s0|s1|s2|ra	orphan
0x8005C8F8	120	func_8005C8F8	medium	0	u32	0	3	24	s0|ra	orphan
0x8005C9C4	92	func_8005C9C4	medium	1	u32	0	1	32	s0|s1|ra	orphan
0x8005CA20	112	func_8005CA20	low	2	u32	0	0	0		leaf|orphan
0x8005CA90	64	func_8005CA90	medium	0	u32	1	1	24	s0|ra	orphan
0x8005CAD0	300	func_8005CAD0	medium	1	u32	3	2	24	s0|ra	orphan
0x8005CBFC	96	func_8005CBFC	medium	3	u32	4	2	32	s0|s1|s2|ra	orphan
0x8005CC5C	172	func_8005CC5C	medium	1	u32	5	1	40	s0|s1|s2|s3|ra	orphan
0x8005CD08	120	func_8005CD08	medium	0	u32	0	2	24	ra	orphan
0x8005CD80	36	func_8005CD80	medium	0	void	0	1	24	ra	orphan
0x8005CDA4	120	func_8005CDA4	medium	0	u32	0	2	24	ra	orphan
0x8005CE1C	36	func_8005CE1C	medium	0	void	0	1	24	ra	orphan
0x8005CE40	316	func_8005CE40	low	0	u32	0	2	0	s0|s1|s2|s3|ra	orphan
0x8005D2EC	112	func_8005D2EC	low	0	u32	1	0	0		leaf|orphan
0x8005D35C	108	func_8005D35C	low	0	u32	1	0	0		leaf|orphan
0x8005D3C8	264	func_8005D3C8	medium	0	u32	1	1	24	s0|ra	orphan
0x8005D528	152	func_8005D528	medium	0	u32	0	3	24	s0|ra	orphan
0x8005D5C0	96	func_8005D5C0	low	0	u32	1	1	0	ra	orphan
0x8005D620	316	func_8005D620	medium	0	u32	1	6	0	s0|ra	addr_taken|orphan
0x8005D7B8	208	func_8005D7B8	medium	0	u32	0	2	40	s0|ra	orphan
0x8005D8BC	340	func_8005D8BC	medium	0	u32	0	6	48	s0|ra	orphan
0x8005DA4C	192	func_8005DA4C	medium	0	u32	0	4	24	s0|ra	orphan
0x8005DCE8	152	func_8005DCE8	medium	0	u32	1	3	40	s0|s1|ra	orphan
0x8005DD80	664	func_8005DD80	medium	0	u32	0	9	48	s0|s1|s2|ra	orphan
0x8005E018	84	func_8005E018	low	1	u32	2	0	0		leaf|orphan
0x8005E06C	172	func_8005E06C	low	1	u32	0	3	0	s0|s1|s2|s3|ra	orphan
0x8005E118	88	func_8005E118	medium	0	u32	0	2	24	s0|ra	orphan
0x8005E240	192	func_8005E240	low	0	u32	0	5	0	s0|s1|s2|s3|ra	orphan
0x8005E300	80	func_8005E300	low	0	u32	1	0	0		leaf|orphan
0x8005E350	108	func_8005E350	low	0	u32	1	0	0		leaf|orphan
0x8005E3BC	124	func_8005E3BC	medium	0	u32	0	4	24	s0|ra	orphan
0x8005E438	120	func_8005E438	medium	0	u32	0	5	24	s0|ra	orphan
0x8005E57C	80	func_8005E57C	medium	1	u32	1	2	32	s0|s1|ra	orphan
0x8005E5CC	84	func_8005E5CC	low	1	u32	2	1	0	ra	orphan
0x8005E620	92	func_8005E620	medium	0	u32	5	1	24	ra	orphan
0x8005E67C	64	func_8005E67C	medium	0	u32	11	1	24	ra	orphan
0x8005E6BC	208	func_8005E6BC	medium	0	u32	3	4	40	s0|ra	orphan
0x8005E78C	112	func_8005E78C	medium	0	u32	1	2	24	s0|ra	orphan
0x8005E7FC	88	func_8005E7FC	low	0	u32	1	0	0		leaf|orphan
0x8005E854	164	func_8005E854	medium	0	u32	1	5	40	s0|ra	addr_taken|orphan
0x8005E8F8	108	func_8005E8F8	medium	0	u32	3	3	24	ra	orphan
0x8005E964	176	func_8005E964	medium	0	u32	1	5	48	s0|ra	orphan
0x8005EA14	156	func_8005EA14	low	0	u32	1	2	0	ra	orphan
0x8005EAB0	316	func_8005EAB0	medium	0	u32	1	6	0	s0|ra	addr_taken|orphan
0x8005EBEC	180	func_8005EBEC	medium	0	u32	1	3	24	s0|ra	orphan
0x8005ECA0	240	func_8005ECA0	medium	0	u32	1	1	24	s0|ra	orphan
0x8005ED90	280	func_8005ED90	medium	0	u32	1	9	24	s0|ra	addr_taken|orphan
0x8005EEA8	100	func_8005EEA8	medium	0	u32	1	3	24	s0|ra	orphan
0x8005EF0C	48	func_8005EF0C	medium	0	u32	2	1	24	ra	orphan
0x8005EF3C	156	func_8005EF3C	low	2	u32	3	0	0		leaf|orphan
0x8005EFD8	204	func_8005EFD8	medium	0	u32	1	1	40	s0|s1|ra	orphan
0x8005F0A4	108	func_8005F0A4	medium	0	u32	2	2	32	ra	orphan
0x8005F110	184	func_8005F110	medium	1	u32	1	1	24	s0|ra	orphan
0x8005F1C8	236	func_8005F1C8	medium	0	u32	1	3	32	s0|ra	orphan
0x8005F2B4	264	func_8005F2B4	medium	2	u32	2	2	40	s0|s1|ra	orphan
0x8005F3BC	156	func_8005F3BC	medium	0	u32	1	2	32	s0|s1|s2|ra	orphan
0x8005F458	84	func_8005F458	medium	0	void	1	2	40	s0|s1|ra	orphan
0x8005F4AC	284	func_8005F4AC	medium	0	u32	1	13	0	s0|ra	addr_taken|orphan
0x8005F5C8	68	func_8005F5C8	medium	0	u32	1	3	24	s0|ra	orphan
0x8005F60C	156	func_8005F60C	medium	0	u32	1	2	32	ra	orphan
0x8005F744	60	func_8005F744	medium	0	u32	1	1	24	ra	orphan
0x8005F780	220	func_8005F780	low	0	u32	1	2	0	s0|s1|ra	orphan
0x8005F85C	160	func_8005F85C	medium	0	u32	1	4	40	s0|ra	addr_taken|orphan
0x8005F8FC	92	func_8005F8FC	medium	0	u32	2	5	24	s0|ra	orphan
0x8005F958	160	func_8005F958	medium	0	u32	1	6	40	s0|ra	addr_taken|orphan
0x8005F9F8	88	func_8005F9F8	medium	0	u32	1	4	24	s0|ra	orphan
0x8005FA50	76	func_8005FA50	medium	2	u32	1	1	32	s0|s1|ra	orphan
0x8005FA9C	48	func_8005FA9C	medium	0	u32	1	1	24	ra	orphan
0x8005FACC	152	func_8005FACC	medium	0	u32	0	3	40	s0|ra	orphan
0x8005FC40	80	func_8005FC40	medium	0	u32	2	1	24	s0|ra	orphan
0x8005FC90	192	func_8005FC90	medium	0	u32	1	4	40	s0|ra	addr_taken|orphan
0x8005FD50	100	func_8005FD50	medium	0	u32	2	2	24	s0|ra	orphan
0x8005FDB4	204	func_8005FDB4	medium	0	u32	0	6	48	s0|ra	orphan
0x8005FF40	212	func_8005FF40	medium	0	u32	0	6	48	s0|ra	orphan
0x80060014	736	func_80060014	medium	4	u32	1	6	104	s0|s1|s2|s3|s4|s5|ra	orphan
0x800602F4	80	func_800602F4	low	4	u32	1	0	0		leaf|orphan
0x80060344	172	func_80060344	medium	4	u32	5	0	16		leaf|orphan
0x800603F4	188	func_800603F4	low	4	u32	5	0	0		leaf|orphan
0x800604B4	188	func_800604B4	low	4	u32	3	0	0		leaf|orphan
0x80060574	348	func_80060574	medium	1	u32	0	1	72	s0|s1|s2|s3|s4|s5|ra	orphan
0x800606D4	244	func_800606D4	medium	2	u32	1	2	56	s0|s1|s2|s3|ra	orphan
0x80060884	280	func_80060884	medium	1	u32	2	1	56	s0|s1|s2|s3|ra	orphan
0x800609A4	200	func_800609A4	low	1	u32	0	0	0		leaf|orphan
0x80060A74	220	func_80060A74	low	4	u32	1	0	0		leaf|orphan
0x80060B54	112	func_80060B54	medium	3	u32	2	1	40	s0|ra	orphan
0x80060BC4	788	func_80060BC4	medium	4	u32	1	4	128	s0|s1|s2|s3|s4|s5|s6|s7|fp|ra	orphan
0x80060ED8	236	func_80060ED8	medium	3	u32	1	1	64	s0|s1|s2|s3|ra	orphan
0x80061044	884	func_80061044	medium	4	u32	0	4	96	s0|s1|s2|s3|s4|s5|s6|s7|ra	orphan
0x800613C4	56	func_800613C4	low	2	u32	0	0	0		leaf|orphan
0x80061404	304	func_80061404	medium	2	u32	0	2	64	s0|s1|s2|s3|ra	orphan
0x80061534	100	func_80061534	medium	2	u32	5	1	24	ra	orphan
0x800615A4	404	func_800615A4	verified	1	u32	2	3	56	s0|s1|s2|s3|s4|s5|ra	
0x80061744	640	func_80061744	verified	1	u32	1	3	32	s0|s1|ra	
0x800619C4	448	func_800619C4	high	2	u32	2	2	0	s0|s1|s2|s3|ra	
0x80061CE8	640	func_80061CE8	high	4	u32	2	2	0	s0|ra	
0x80061F68	132	func_80061F68	low	2	u32	1	2	0	s0|s1|ra	orphan
0x80062050	68	func_80062050	high	3	u32	2	0	0		leaf
0x80062094	164	func_80062094	high	2	u32	2	0	0		leaf|break
0x800621CC	40	func_800621CC	high	0	u32	1	0	0		leaf
0x800621F4	40	func_800621F4	high	0	u32	1	0	0		leaf
0x8006221C	92	func_8006221C	verified	0	u32	2	0	8		leaf
0x80062284	232	func_80062284	verified	1	u32	1	4	24	s0|ra	
0x8006236C	112	func_8006236C	high	0	u32	1	5	0	ra	
0x800623E4	36	func_800623E4	verified	1	void	2	1	24	ra	
0x80062494	140	func_80062494	high	1	u32	3	0	0		leaf
0x80062524	380	func_80062524	medium	1	u32	2	2	24	s0|ra	orphan
0x800626A0	36	func_800626A0	medium	1	void	3	1	24	ra	orphan
0x800626C4	36	func_800626C4	medium	1	void	2	1	24	ra	orphan
0x800627A4	160	func_800627A4	verified	0	u32	1	1	24	ra	
0x80062844	56	func_80062844	verified	0	void	1	4	24	ra	
0x80062884	32	func_80062884	verified	0	void	1	1	24	ra	
0x800628A4	64	func_800628A4	low	2	u32	1	0	0		leaf|orphan
0x800628E4	760	func_800628E4	medium	3	u32	1	2	48	s0|s1|s2|s3|s4|s5|s6|ra	orphan
0x80063AB4	92	func_80063AB4	low	3	u32	0	0	0		leaf|orphan
0x80063B10	164	func_80063B10	low	3	u32	0	0	0		leaf|orphan
0x800649B4	164	func_800649B4	low	2	u32	3	0	0		leaf|orphan
0x80064A64	988	func_80064A64	medium	4	u32	1	2	32	s0|s1|s2|ra	break|orphan
0x80064E44	652	func_80064E44	medium	2	u32	1	2	24	s0|ra	orphan
0x800650D4	836	func_800650D4	medium	3	u32	1	2	24	s0|ra	break|orphan
0x80065424	204	func_80065424	medium	2	u32	0	1	32	s0|s1|ra	orphan
0x80065544	56	func_80065544	medium	3	u32	1	1	24	ra	orphan
0x80065584	60	func_80065584	medium	4	void	0	1	24	ra	orphan
0x800655E4	116	func_800655E4	medium	0	u32	0	5	24	ra	orphan
0x80065664	156	func_80065664	low	2	u32	1	0	0		leaf|orphan
0x80065700	40	func_80065700	medium	1	void	1	1	24	ra	orphan
0x80065754	280	func_80065754	medium	4	u32	2	1	24	ra	orphan
0x80065934	892	func_80065934	high	1	u32	1	0	0		leaf
0x80065CB4	80	func_80065CB4	verified	2	u32	1	1	64	ra	
0x80065D94	120	func_80065D94	low	1	u32	0	0	0		leaf|orphan
0x80065E14	560	func_80065E14	verified	1	u32	1	6	32	s0|s1|s2|ra	break
0x80066044	32	func_80066044	verified	0	void	1	1	24	ra	
0x80066394	520	func_80066394	medium	2	u32	0	2	56	s0|s1|s2|s3|s4|s5|ra	break|orphan
0x800665A4	152	func_800665A4	medium	2	u32	0	1	32	s0|s1|s2|ra	orphan
0x80066644	44	func_80066644	medium	2	void	0	1	24	ra	orphan
0x80066674	252	func_80066674	medium	2	u32	1	1	40	s0|s1|s2|s3|ra	orphan
0x80066770	580	func_80066770	medium	2	u32	1	2	32	s0|s1|s2|ra	orphan
0x800669B4	940	func_800669B4	medium	2	u32	1	2	48	s0|s1|s2|s3|s4|s5|ra	orphan|indirect
0x80066D64	252	func_80066D64	low	2	u32	1	0	0		leaf|orphan
0x80066E64	96	func_80066E64	low	2	u32	0	0	0		leaf|orphan
0x80066EC4	384	func_80066EC4	medium	2	u32	2	2	24	s0|ra	orphan
0x80067044	40	func_80067044	medium	1	void	5	1	24	ra	orphan
0x8006706C	44	func_8006706C	medium	2	void	2	1	24	ra	orphan
0x800671B4	536	func_800671B4	high	3	u32	1	0	0		leaf
0x800673D4	328	func_800673D4	verified	1	u32	1	1	24	s0|ra	
0x80067604	104	func_80067604	medium	3	u32	2	1	24	ra	orphan
0x8006766C	144	func_8006766C	medium	4	u32	1	1	24	ra	orphan
0x80067704	540	func_80067704	low	2	u32	0	0	0		leaf|break|orphan
0x80067924	324	func_80067924	verified	0	u32	2	2	104	s0|s1|s2|s3|ra	
0x80067A74	1528	func_80067A74	verified	1	u32	3	2	56	s0|s1|s2|s3|s4|s5|ra	
0x80068074	208	func_80068074	high	4	u32	1	0	0		leaf
0x80068274	260	func_80068274	medium	3	u32	0	1	32	s0|s1|ra	orphan
0x80068384	568	func_80068384	medium	4	u32	0	1	32	s0|s1|ra	orphan
0x800685C4	876	func_800685C4	medium	4	u32	1	6	56	s0|s1|s2|s3|s4|s5|s6|s7|fp|ra	break|orphan
0x80068930	320	func_80068930	medium	4	u32	1	2	24	s0|ra	orphan
0x80068E54	60	func_80068E54	medium	1	u32	0	1	24	ra	orphan
0x80068E94	1236	func_80068E94	medium	1	u32	4	4	136	s0|s1|s2|s3|s4|s5|s6|s7|fp|ra	orphan
0x80069374	1232	func_80069374	low	1	u32	1	0	0		leaf|orphan
0x80069844	140	func_80069844	low	2	u32	0	1	0	ra	orphan
0x800698D4	156	func_800698D4	medium	1	u32	0	2	24	s0|ra	orphan
0x80069974	204	func_80069974	medium	1	u32	3	1	24	s0|ra	orphan
0x80069A44	60	func_80069A44	medium	1	u32	0	1	24	ra	orphan
0x80069A84	32	func_80069A84	medium	0	void	0	1	24	ra	orphan
0x80069AA4	32	func_80069AA4	medium	0	void	0	1	24	ra	orphan
0x80069AC4	452	func_80069AC4	medium	4	u32	0	1	32	s0|s1|ra	orphan
0x80069C94	624	func_80069C94	low	0	u32	2	0	0		leaf|orphan
0x80069F04	456	func_80069F04	low	0	u32	2	0	0		leaf|orphan
0x8006A0D4	12	func_8006A0D4	low	0	void	1	0	0		leaf|orphan
0x8006A0E4	16	func_8006A0E4	low	0	u32	0	0	0		leaf|orphan
0x8006A0F4	1220	func_8006A0F4	high	0	u32	1	7	0	s0|s1|s2|s3|s4|s5|s6|s7|ra	indirect
0x8006A5C4	36	func_8006A5C4	verified	0	void	1	1	24	ra	
0x8006A5F4	700	func_8006A5F4	high	4	u32	2	0	0		leaf
0x8006A8B4	36	func_8006A8B4	verified	0	void	1	1	24	ra	
0x8006A8E4	48	func_8006A8E4	high	2	u32	2	0	0		leaf
0x8006A914	36	func_8006A914	verified	0	void	1	1	24	ra	
0x8006A944	36	func_8006A944	verified	0	void	1	1	24	ra	
0x8006A974	444	func_8006A974	high	2	u32	1	0	0		leaf
0x8006AB34	28	func_8006AB34	high	2	u32	1	0	0		leaf
0x8006AB54	848	func_8006AB54	verified	1	u32	1	5	112	s0|s1|s2|s3|s4|s5|ra	
0x8006AEA4	84	func_8006AEA4	high	2	u32	1	0	0		leaf
0x8006AF04	40	func_8006AF04	high	1	u32	4	0	0		leaf
0x8006AF2C	24	func_8006AF2C	low	0	u32	2	0	0		leaf|orphan
0x8006AF44	1308	func_8006AF44	medium	4	u32	1	8	328	s0|s1|s2|s3|s4|s5|s6|s7|fp|ra	orphan
0x8006B460	352	func_8006B460	low	4	u32	1	2	0	s0|s1|s2|s3|s4|s5|s6|ra	orphan
0x8006B5C0	236	func_8006B5C0	medium	3	u32	0	1	32	ra	break|orphan
0x8006B6E4	76	func_8006B6E4	medium	0	u32	1	1	24	ra	orphan
0x8006B730	104	func_8006B730	medium	2	u32	2	1	24	ra	orphan
0x8006B798	288	func_8006B798	low	4	u32	2	0	0		leaf|orphan
0x8006B8C4	1384	func_8006B8C4	medium	1	u32	2	1	40	s0|s1|s2|s3|ra	orphan
0x8006BE34	72	func_8006BE34	low	1	u32	1	0	0		leaf|orphan
0x8006BE84	56	func_8006BE84	low	1	u32	2	0	0		leaf|orphan
0x8006BEC4	192	func_8006BEC4	high	0	u32	5	0	0		leaf
0x8006BF84	1224	func_8006BF84	low	2	u32	2	0	0		leaf|orphan
0x8006C454	492	func_8006C454	medium	4	u32	1	1	24	s0|ra	orphan
0x8006C640	220	func_8006C640	medium	4	u32	0	2	56	s0|s1|s2|s3|s4|s5|s6|ra	orphan
0x8006C724	112	func_8006C724	medium	3	u32	0	1	32	s0|s1|ra	orphan
0x8006C794	1388	func_8006C794	medium	3	u32	5	1	64	s0|s1|s2|s3|s4|s5|s6|s7|fp|ra	orphan
0x8006CD00	100	func_8006CD00	low	3	u32	2	0	0		leaf|orphan
0x8006CD64	176	func_8006CD64	low	1	u32	4	1	0	s0|s1|s2|ra	orphan
0x8006CE14	196	func_8006CE14	low	2	u32	1	0	0		leaf|orphan
0x8006CEE4	1440	func_8006CEE4	medium	4	u32	0	1	64	s0|s1|s2|s3|s4|s5|s6|s7|ra	orphan
0x8006D484	192	func_8006D484	low	2	u32	9	0	0		leaf|orphan
0x8006D554	16	func_8006D554	high	0	u32	2	0	0		leaf
0x8006D564	12	func_8006D564	high	0	void	2	0	0		leaf
0x8006D574	48	func_8006D574	high	1	u32	1	0	0		leaf
0x8006D5A4	164	func_8006D5A4	medium	1	u32	1	3	24	s0|ra	orphan
0x8006D654	124	func_8006D654	medium	1	u32	1	1	24	ra	orphan
0x8006D6D4	768	func_8006D6D4	low	0	u32	2	0	0		leaf|orphan
0x8006D9D4	52	func_8006D9D4	medium	2	u32	1	1	24	ra	orphan
0x8006DA74	708	func_8006DA74	low	1	u32	0	1	0	s0|s1|s2|s3|ra	orphan
0x8006DDB4	1004	func_8006DDB4	medium	4	u32	1	2	1072	s0|s1|s2|s3|s4|s5|s6|ra	orphan|indirect
0x8006E1A4	192	func_8006E1A4	medium	2	u32	1	4	40	s0|s1|s2|s3|ra	orphan
0x8006E264	92	func_8006E264	medium	2	u32	1	1	24	s0|ra	orphan
0x8006E2C4	92	func_8006E2C4	medium	1	u32	1	1	24	ra	orphan
0x8006E324	48	func_8006E324	low	1	u32	1	0	0		leaf|orphan
0x8006E354	40	func_8006E354	medium	1	u32	1	1	24	ra	orphan
0x8006E384	164	func_8006E384	low	1	u32	1	1	0	s0|s1|ra	orphan
0x8006E434	376	func_8006E434	high	1	u32	13	1	0	s0|s1|ra	
0x8006E5AC	152	func_8006E5AC	verified	2	u32	1	3	32	ra	
0x8006E644	48	func_8006E644	high	0	u32	5	0	0	ra	indirect
0x8006E674	48	func_8006E674	high	0	u32	4	0	0	ra	indirect
0x8006E6A4	48	func_8006E6A4	high	0	u32	5	0	0	ra	indirect
0x8006E6D4	52	func_8006E6D4	verified	1	u32	2	0	24	ra	indirect
0x8006E708	48	func_8006E708	high	0	u32	2	0	0	ra	indirect
0x8006E798	16	func_8006E798	high	0	u32	3	0	0		leaf
0x8006E7C0	24	func_8006E7C0	high	1	u32	4	0	0		leaf
0x8006E8B0	464	func_8006E8B0	medium	0	u32	0	2	40	s0|s1|s2|s3|s4|ra	orphan|indirect
0x8006ECE0	36	func_8006ECE0	low	2	u32	0	0	0		leaf|orphan
0x8006ED04	88	func_8006ED04	medium	0	u32	0	2	24	ra	orphan
0x8006EDF4	36	func_8006EDF4	low	2	u32	1	0	0		leaf|orphan
0x8006EE24	76	func_8006EE24	medium	0	u32	0	2	24	ra	orphan
0x8006F09C	36	func_8006F09C	low	2	u32	1	0	0		leaf|orphan
0x8006F0D8	16	func_8006F0D8	high	0	u32	3	0	0		leaf
0x8006F0F4	144	func_8006F0F4	verified	0	u32	1	2	24	s0|ra	
0x8006F184	60	func_8006F184	verified	0	u32	1	2	24	ra	
0x8006F244	128	func_8006F244	low	1	u32	2	0	0		leaf|orphan
0x8006F2C4	728	func_8006F2C4	low	2	u32	2	5	0	s0|s1|s2|s3|s4|s5|s6|ra	orphan
0x8006F59C	32	func_8006F59C	medium	0	u32	1	1	24	ra	orphan
0x8006F5BC	708	func_8006F5BC	medium	0	u32	1	4	64	s0|s1|s2|s3|s4|s5|s6|ra	orphan
0x8006F880	164	func_8006F880	medium	2	u32	1	1	40	s0|s1|s2|s3|s4|ra	orphan
0x8006F924	668	func_8006F924	low	1	u32	1	4	0	s0|s1|s2|s3|s4|s5|s6|ra	orphan
0x8006FBC0	104	func_8006FBC0	medium	3	u32	2	4	40	s0|s1|ra	orphan
0x8006FC34	1380	func_8006FC34	verified	0	u32	3	2	48	s0|s1|ra	
0x80070198	640	func_80070198	verified	2	u32	4	6	64	s0|s1|s2|s3|s4|s5|s6|s7|fp|ra	indirect
0x80070418	712	func_80070418	medium	2	u32	2	6	64	s0|s1|s2|s3|s4|s5|s6|s7|fp|ra	orphan|indirect
0x800706E0	1036	func_800706E0	high	4	u32	6	7	0	s0|s1|s2|s3|s4|s5|s6|ra	indirect
0x80070AEC	136	func_80070AEC	low	1	u32	1	0	0		leaf|orphan
0x80070B74	212	func_80070B74	high	0	u32	8	0	0		leaf
0x80070C48	240	func_80070C48	high	0	u32	2	0	0		leaf
0x80070D84	480	func_80070D84	verified	0	u32	2	6	24	ra	
0x80070F64	360	func_80070F64	medium	1	u32	1	4	48	s0|s1|s2|s3|s4|ra	orphan
0x800711B4	260	func_800711B4	low	2	u32	3	0	0		leaf|orphan
0x800712D4	32	func_800712D4	medium	0	void	1	1	24	ra	orphan
0x80071334	20	func_80071334	low	1	u32	2	0	0		leaf|orphan
0x80071354	316	func_80071354	medium	3	u32	7	1	56	s0|s1|s2|s3|s4|s5|s6|s7|fp|ra	orphan
0x80071490	308	func_80071490	medium	2	u32	1	1	56	s0|s1|s2|s3|s4|s5|s6|s7|fp|ra	orphan
0x800715C4	332	func_800715C4	medium	3	u32	4	2	56	s0|s1|s2|s3|s4|s5|s6|s7|fp|ra	orphan
0x80071AAC	488	func_80071AAC	medium	1	u32	2	12	40	s0|s1|s2|ra	orphan
0x80071E34	412	func_80071E34	medium	3	u32	6	7	40	s0|s1|s2|s3|s4|ra	orphan
0x80071FD0	260	func_80071FD0	medium	2	u32	6	3	40	s0|s1|s2|s3|s4|ra	orphan
0x800720D4	16	func_800720D4	low	0	u32	2	0	0		leaf|orphan
0x800720E4	16	func_800720E4	low	0	u32	1	0	0		leaf|orphan
0x800720F4	12	func_800720F4	low	0	u32	1	0	0		leaf|orphan
0x80072104	32	func_80072104	medium	0	void	1	1	24	ra	orphan
0x80072124	20	func_80072124	low	1	u32	2	0	0		leaf|orphan
0x80072144	32	func_80072144	medium	0	u32	0	1	24	ra	orphan
0x80072164	256	func_80072164	low	2	u32	2	0	0		leaf|orphan
0x80072264	32	func_80072264	medium	0	u32	0	1	24	ra	orphan
0x80072284	236	func_80072284	low	2	u32	2	0	0		leaf|orphan
0x80072374	36	func_80072374	medium	1	void	2	1	24	ra	orphan
0x800723A4	32	func_800723A4	medium	0	void	0	1	24	ra	orphan
0x80072504	376	func_80072504	medium	3	u32	1	7	120	s0|s1|s2|s3|ra	orphan
0x80072684	48	func_80072684	low	1	u32	0	0	0		leaf|orphan
0x800726B4	236	func_800726B4	low	0	u32	0	0	0		leaf|orphan
0x800727A0	96	func_800727A0	low	0	u32	2	0	0		leaf|orphan
0x80072800	84	func_80072800	low	0	u32	2	0	0		leaf|orphan
0x80072854	496	func_80072854	medium	2	u32	0	1	120	s0|s1|s2|s3|s4|s5|s6|s7|fp|ra	orphan|indirect
0x80072A44	112	func_80072A44	medium	0	u32	2	2	24	ra	orphan
0x80072CD8	140	func_80072CD8	medium	3	u32	1	1	24	s0|ra	orphan
0x80072FB4	580	func_80072FB4	medium	4	u32	2	4	48	s0|s1|s2|s3|s4|s5|ra	orphan
0x800731F8	52	func_800731F8	medium	3	u32	2	1	32	ra	orphan
0x8007322C	880	func_8007322C	medium	4	u32	1	5	136	s0|s1|s2|s3|s4|s5|s6|s7|ra	orphan
0x8007359C	496	func_8007359C	medium	2	u32	1	2	32	s0|s1|ra	orphan
0x8007378C	148	func_8007378C	medium	1	u32	1	2	24	s0|ra	orphan
0x80073820	16	func_80073820	low	0	u32	1	0	0		leaf|orphan
0x800739D4	152	func_800739D4	medium	0	u32	0	5	24	ra	orphan
0x80073A6C	224	func_80073A6C	medium	0	u32	1	1	24	s0|ra	orphan
0x80073B8C	124	func_80073B8C	medium	1	u32	1	1	24	ra	orphan
0x80073C08	12	func_80073C08	low	1	void	0	0	0		leaf|orphan
0x80073C14	12	func_80073C14	low	1	void	0	0	0		leaf|orphan
0x80073C20	12	func_80073C20	low	1	void	0	0	0		leaf|orphan
0x80073C2C	12	func_80073C2C	low	1	void	0	0	0		leaf|orphan
0x80073C38	24	func_80073C38	low	1	u32	3	0	0		leaf|orphan
0x80073C60	16	func_80073C60	low	0	u32	1	0	0		leaf|orphan
0x80073C70	12	func_80073C70	low	0	u32	2	0	0		leaf|orphan
0x80073C8C	16	func_80073C8C	low	0	u32	1	0	0		leaf|orphan
0x80073CAC	16	func_80073CAC	low	0	u32	1	0	0		leaf|orphan
0x80073CBC	64	func_80073CBC	medium	1	u32	1	1	24	ra	orphan
0x80073CFC	472	func_80073CFC	medium	2	u32	2	3	32	s0|s1|s2|ra	orphan
0x800741A4	136	func_800741A4	medium	0	u32	0	2	24	ra	orphan
0x8007433C	484	func_8007433C	medium	2	u32	0	0	24	ra	orphan|indirect
0x80074520	648	func_80074520	medium	2	u32	0	0	24	s0|ra	orphan|indirect
0x800747A8	236	func_800747A8	medium	1	u32	0	0	24	ra	orphan|indirect
0x80074928	176	func_80074928	medium	2	u32	0	1	24	ra	orphan
0x800749D8	120	func_800749D8	medium	0	u32	2	1	24	s0|ra	orphan
0x80074A50	16	func_80074A50	low	0	u32	2	0	0		leaf|orphan
0x80074A60	16	func_80074A60	low	0	u32	0	0	0		leaf|orphan
0x80074A70	72	func_80074A70	low	2	u32	3	0	0		leaf|orphan
0x80074AB8	72	func_80074AB8	low	2	u32	4	0	0		leaf|orphan
0x80074B04	32	func_80074B04	medium	0	u32	0	1	24	ra	orphan
0x80074B24	372	func_80074B24	medium	1	u32	0	3	56	s0|s1|s2|s3|s4|ra	orphan
0x80074CA4	304	func_80074CA4	medium	4	u32	1	5	56	s0|s1|s2|s3|s4|ra	orphan
0x80075054	112	func_80075054	medium	1	u32	1	3	32	s0|s1|ra	orphan
0x800750F8	156	func_800750F8	medium	1	u32	1	7	24	ra	orphan
0x80075194	28	func_80075194	low	1	u32	1	0	0		leaf|orphan
0x800751B4	736	func_800751B4	medium	2	u32	0	7	80	s0|s1|s2|s3|s4|s5|s6|ra	orphan
0x80075494	32	func_80075494	medium	0	u32	1	1	24	ra	orphan
0x800754B4	708	func_800754B4	medium	0	u32	1	5	64	s0|s1|s2|s3|s4|s5|s6|ra	orphan
0x80075778	164	func_80075778	medium	2	u32	1	1	40	s0|s1|s2|s3|s4|ra	orphan
0x8007581C	668	func_8007581C	low	1	u32	1	5	0	s0|s1|s2|s3|s4|s5|s6|ra	orphan
0x80075AB8	92	func_80075AB8	medium	3	u32	2	3	40	s0|s1|ra	orphan
0x80075B14	132	func_80075B14	medium	2	u32	0	2	32	s0|s1|ra	orphan
0x80075B98	100	func_80075B98	medium	0	u32	1	3	24	s0|ra	orphan
0x80075BFC	20	func_80075BFC	low	1	u32	0	0	0		leaf|orphan
0x80075FA4	120	func_80075FA4	medium	0	u32	0	6	40	s0|s1|ra	orphan
0x8007604C	16	func_8007604C	low	0	u32	1	0	0		leaf|orphan
0x8007605C	80	func_8007605C	medium	0	u32	1	2	24	s0|ra	orphan
0x800760B4	36	func_800760B4	medium	1	void	1	1	24	ra	orphan
0x800760E4	36	func_800760E4	medium	1	void	1	1	24	ra	orphan
0x80076114	32	func_80076114	medium	0	void	1	1	24	ra	orphan
0x80076134	56	func_80076134	medium	0	void	2	4	24	ra	orphan
0x80076174	32	func_80076174	medium	0	u32	0	1	24	ra	orphan
0x80076194	32	func_80076194	medium	0	u32	0	1	24	ra	orphan
0x800761B4	260	func_800761B4	low	2	u32	3	0	0		leaf|orphan
0x800762C4	128	func_800762C4	low	1	u32	2	0	0		leaf|orphan
0x80076344	84	func_80076344	medium	1	u32	1	1	24	s0|ra	orphan
0x800763A4	104	func_800763A4	medium	3	u32	1	2	32	s0|s1|ra	orphan
0x80076414	20	func_80076414	low	1	u32	4	0	0		leaf|orphan
0x80076434	20	func_80076434	low	1	u32	3	0	0		leaf|orphan
0x80076454	36	func_80076454	medium	1	void	2	1	24	ra	orphan
0x8007648C	128	func_8007648C	high	0	u32	2	1	0		gte
0x80076514	92	func_80076514	low	3	u32	1	0	0		leaf|gte|orphan
0x80076574	652	func_80076574	low	2	u32	1	0	0		leaf|orphan
0x80076804	172	func_80076804	high	0	u32	1	3	0		indirect
0x800768E4	116	func_800768E4	verified	4	u32	1	5	40	s0|s1|ra	
0x80076958	284	func_80076958	verified	4	u32	1	4	48	s0|s1|s2|s3|s4|s5|ra	
0x80076ADC	544	func_80076ADC	high	2	u32	1	0	0		leaf|break
0x80076CFC	312	func_80076CFC	high	4	u32	2	1	0	ra	
0x80076E34	16	func_80076E34	high	0	u32	2	0	0		leaf
0x80076E44	264	func_80076E44	high	0	u32	4	2	0	s0|s1|ra	
0x80076F54	24	func_80076F54	high	2	void	2	0	0		leaf|gte
0x80076F74	120	func_80076F74	verified	0	u32	3	1	24	ra	
0x80076FF4	52	func_80076FF4	low	1	u32	1	0	0		leaf|orphan
0x80077034	56	func_80077034	verified	0	void	1	2	24	ra	
0x80077074	164	func_80077074	low	0	u32	1	4	0	ra	orphan
0x80077124	152	func_80077124	verified	4	u32	1	2	24	ra	
0x800771C4	116	func_800771C4	verified	0	u32	1	1	24	ra	
0x800776FC	100	func_800776FC	medium	1	u32	0	1	24	ra	orphan
0x80077760	76	func_80077760	low	1	u32	0	0	0		leaf|orphan
0x800777B4	132	func_800777B4	low	1	u32	0	0	0		leaf|gte|orphan
0x80077844	48	func_80077844	low	1	void	1	0	0		leaf|gte|orphan
0x80077874	76	func_80077874	verified	0	void	1	3	24	ra	
0x800778C4	32	func_800778C4	high	3	void	1	0	0		leaf|gte
0x800778E4	228	func_800778E4	low	2	u32	5	0	0		leaf|orphan
0x800779D4	12	func_800779D4	high	1	void	2	0	0		leaf
0x800779E4	16	func_800779E4	low	0	u32	1	0	0		leaf|orphan
0x80078474	372	func_80078474	verified	1	u32	3	5	32	s0|s1|ra	indirect
0x80078758	152	func_80078758	verified	1	u32	2	2	32	s0|s1|ra	indirect
0x800787F0	104	func_800787F0	low	1	u32	4	1	0	s0|ra	orphan|indirect
0x80078858	284	func_80078858	medium	2	u32	1	1	32	s0|ra	orphan
0x80078A9C	96	func_80078A9C	medium	2	u32	8	1	32	s0|s1|ra	orphan|indirect
0x80078CDC	172	func_80078CDC	high	2	u32	2	1	0	s0|s1|ra	indirect
0x80078D88	92	func_80078D88	medium	1	u32	2	0	32	s0|s1|ra	orphan|indirect
0x80078DE4	112	func_80078DE4	high	1	u32	2	1	0	s0|ra	indirect
0x80078E54	192	func_80078E54	verified	1	u32	3	3	32	s0|s1|s2|ra	indirect
0x80079020	1272	func_80079020	verified	1	u32	2	3	32	s0|s1|s2|ra	indirect
0x80079834	624	func_80079834	verified	2	u32	1	5	40	s0|s1|ra	
0x80079AA4	32	func_80079AA4	high	3	u32	1	0	0		leaf
0x80079AC4	152	func_80079AC4	high	2	u32	1	0	0		leaf
0x80079B5C	152	func_80079B5C	high	2	u32	1	0	0		leaf
0x80079BF4	28	func_80079BF4	high	2	u32	1	0	0		leaf
0x80079C10	128	func_80079C10	high	1	u32	1	0	0		leaf
0x8007A4D0	72	func_8007A4D0	low	1	u32	0	0	0		leaf|orphan
0x8007A518	48	func_8007A518	high	1	u32	0	0	0		leaf|addr_taken
0x8007A56C	688	func_8007A56C	medium	4	u32	0	5	40	s0|s1|s2|s3|ra	orphan|indirect
0x8007A81C	608	func_8007A81C	medium	0	u32	1	2	0	s0|s1|ra	addr_taken|orphan|indirect
0x8007AA7C	316	func_8007AA7C	verified	1	u32	1	3	24	s0|ra	addr_taken
0x8007ACF4	52	func_8007ACF4	medium	0	u32	1	1	24	ra	orphan
0x8007AD28	324	func_8007AD28	medium	0	u32	1	3	32	ra	orphan
0x8007AE6C	160	func_8007AE6C	high	1	u32	1	0	0		leaf
0x8007B34C	36	func_8007B34C	high	3	u32	3	0	0		leaf
0x8007B374	232	func_8007B374	medium	4	u32	0	2	48	s0|s1|s2|s3|ra	orphan
0x8007B464	100	func_8007B464	medium	3	u32	4	2	40	s0|s1|ra	orphan
0x8007B4D4	100	func_8007B4D4	medium	3	u32	0	2	40	s0|s1|ra	orphan
0x8007B544	60	func_8007B544	low	4	u32	2	0	0		leaf|orphan
0x8007B584	24	func_8007B584	low	2	u32	3	0	0		leaf|orphan
0x8007B5A4	60	func_8007B5A4	high	2	u32	3	0	0		leaf
0x8007B5E4	24	func_8007B5E4	low	1	u32	0	0	0		leaf|orphan
0x8007B604	40	func_8007B604	high	2	u32	2	0	0		leaf
0x8007B634	40	func_8007B634	high	2	u32	1	0	0		leaf
0x8007B664	20	func_8007B664	high	1	u32	1	0	0		leaf
0x8007B684	20	func_8007B684	high	1	u32	1	0	0		leaf
0x8007B6A4	20	func_8007B6A4	high	1	u32	1	0	0		leaf
0x8007B6C4	20	func_8007B6C4	high	1	u32	1	0	0		leaf
0x8007B6E4	20	func_8007B6E4	high	1	u32	2	0	0		leaf
0x8007B704	44	func_8007B704	low	4	u32	4	0	0		leaf|orphan
0x8007B734	148	func_8007B734	low	4	u32	0	0	0		leaf|orphan
0x8007B7D4	48	func_8007B7D4	verified	0	void	1	3	24	ra	
0x8007B824	12	bios_A0_70__bu_init	verified	0	void	1	0	0		bios|leaf
0x8007B834	144	func_8007B834	verified	1	u32	1	10	32	s0|s1|ra	
0x8007B8C4	72	func_8007B8C4	verified	0	u32	1	4	24	s0|ra	
0x8007B90C	40	func_8007B90C	medium	0	u32	0	2	24	ra	orphan
0x8007B934	12	bios_B0_4A_InitCard	verified	0	void	1	0	0		bios|leaf
0x8007B944	12	bios_B0_4B_StartCard	verified	0	void	1	0	0		bios|leaf
0x8007B954	12	bios_B0_4C_StopCard	verified	0	void	1	0	0		bios|leaf|orphan
0x8007B964	68	func_8007B964	high	0	u32	1	1	0		indirect
0x8007BA40	148	func_8007BA40	high	0	u32	2	2	0		addr_taken|indirect
0x8007BAD4	112	func_8007BAD4	high	0	u32	1	3	0		indirect
0x8007BB44	52	func_8007BB44	high	0	u32	1	0	0		leaf
0x8007BB84	112	func_8007BB84	low	0	u32	1	3	0		orphan|indirect
0x8007BC60	112	func_8007BC60	verified	0	u32	1	3	24	s0|ra	
0x8007C094	104	func_8007C094	medium	1	u32	0	2	24	ra	orphan
0x8007CA3C	280	func_8007CA3C	medium	4	u32	0	4	48	s0|s1|s2|s3|s4|s5|s6|ra	orphan
0x8007CE7C	604	func_8007CE7C	medium	4	u32	0	11	144	s0|s1|s2|s3|s4|s5|s6|s7|fp|ra	orphan
0x8007D0D8	20	func_8007D0D8	low	1	u32	1	0	0		leaf|orphan
0x8007D0EC	284	func_8007D0EC	low	3	u32	1	0	0		leaf|orphan
0x8007D378	84	func_8007D378	low	1	u32	1	0	0		leaf|orphan
0x8007D478	92	func_8007D478	low	2	u32	2	0	0		leaf|orphan
0x8007D4D4	12	bios_A0_AB	verified	0	void	0	0	0		bios|leaf|orphan
0x8007D4E4	12	bios_A0_AC	verified	0	void	2	0	0		bios|leaf|orphan
0x8007D4F4	52	func_8007D4F4	medium	1	void	2	2	24	s0|ra	orphan
0x8007D534	12	bios_B0_4E__card_write	verified	0	void	3	0	0		bios|leaf|orphan
0x8007D544	12	bios_B0_50__new_card	verified	0	void	1	0	0		bios|leaf|orphan
0x8007D554	16	func_8007D554	high	0	u32	1	0	0		leaf
0x8007D564	72	func_8007D564	low	0	u32	3	1	0	ra	orphan
0x8007D5AC	52	func_8007D5AC	low	3	u32	0	0	0		leaf|orphan
0x8007D5E0	108	func_8007D5E0	low	0	u32	0	0	0	ra	orphan|indirect
0x8007D64C	16	func_8007D64C	low	0	u32	0	0	0		leaf|orphan
0x8007D734	476	func_8007D734	verified	0	u32	1	5	24	s0|ra	
0x8007D930	180	func_8007D930	medium	0	u32	0	3	24	s0|ra	orphan
0x8007D9E4	264	func_8007D9E4	high	0	u32	4	1	0	ra	
0x8007DAEC	216	func_8007DAEC	medium	0	u32	2	1	24	s0|ra	orphan
0x8007DBC4	216	func_8007DBC4	medium	0	u32	3	1	24	s0|ra	orphan
0x8007DC9C	60	func_8007DC9C	low	0	u32	0	0	0		leaf|orphan
0x8007DCD8	60	func_8007DCD8	low	0	u32	0	0	0		leaf|orphan
0x8007DD14	976	func_8007DD14	medium	1	u32	0	7	56	s0|s1|s2|s3|s4|s5|s6|s7|fp|ra	orphan
0x8007E0E4	1716	func_8007E0E4	medium	3	u32	0	11	72	s0|s1|s2|s3|s4|s5|s6|s7|fp|ra	orphan
0x8007E7A4	12	bios_B0_4F__card_read	verified	0	void	1	0	0		bios|leaf|orphan
0x8007E7BC	12	bios_B0_3F_std_out_puts	verified	0	void	11	0	0		bios|leaf
0x8007E7D4	12	bios_A0_10_atoi	verified	0	void	1	0	0		bios|leaf|orphan
0x8007E7E4	12	bios_A0_13_setjmp	verified	0	void	0	0	0		bios|leaf|orphan
0x8007E7F4	12	bios_A0_15_strcat	verified	0	void	3	0	0		bios|leaf|orphan
0x8007E804	12	bios_A0_17_strcmp	verified	0	void	4	0	0		bios|leaf|orphan
0x8007E814	12	bios_A0_18_strncmp	verified	0	void	4	0	0		bios|leaf|orphan
0x8007E824	12	bios_A0_19_strcpy	verified	0	void	1	0	0		bios|leaf|orphan
0x8007E834	12	bios_A0_1A_strncpy	verified	0	void	1	0	0		bios|leaf|orphan
0x8007E844	12	bios_A0_1B_strlen	verified	0	void	4	0	0		bios|leaf|orphan
0x8007E854	12	bios_A0_28_bzero	verified	0	void	3	0	0		bios|leaf
0x8007E864	12	bios_A0_2A_memcpy	verified	0	void	7	0	0		bios|leaf
0x8007E874	12	bios_A0_2B_memset	verified	0	void	4	0	0		bios|leaf
0x8007E8A4	12	bios_A0_3F_printf	verified	0	void	34	0	0		bios|leaf
0x8007E8B4	2180	func_8007E8B4	low	4	u32	12	3	0	s0|s1|s2|s3|s4|s5|s6|s7|ra	orphan
0x8007F144	12	bios_A0_2E_memchr	verified	0	void	1	0	0		bios|leaf|orphan
0x8007F154	108	func_8007F154	low	3	u32	1	0	0		leaf|orphan
0x8007F1C4	12	bios_A0_44_FlushCache	verified	0	void	7	0	0		bios|leaf
0x8007F1D4	12	bios_A0_49_GPU_cw	verified	0	void	1	0	0		bios|leaf
0x8007F1EC	12	bios_A0_72_CdRemove	verified	0	void	0	0	0		bios|leaf|orphan
0x8007F204	12	bios_B0_07_DeliverEvent	verified	0	void	1	0	0		bios|leaf|orphan
0x8007F214	12	bios_B0_08_OpenEvent	verified	0	void	2	0	0		bios|leaf
0x8007F224	12	bios_B0_09_CloseEvent	verified	0	void	2	0	0		bios|leaf|orphan
0x8007F234	12	bios_B0_0A_WaitEvent	verified	0	void	1	0	0		bios|leaf
0x8007F244	12	bios_B0_0B_TestEvent	verified	0	void	4	0	0		bios|leaf
0x8007F254	12	bios_B0_0C_EnableEvent	verified	0	void	2	0	0		bios|leaf
0x8007F264	12	bios_B0_0D_DisableEvent	verified	0	void	1	0	0		bios|leaf|orphan
0x8007F274	12	bios_B0_17_ReturnFromException	verified	0	void	1	0	0		bios|leaf|orphan
0x8007F284	12	bios_B0_18_SetDefaultExitFromException	verified	0	void	0	0	0		bios|leaf|orphan
0x8007F294	12	bios_B0_19_SetCustomExitFromException	verified	0	void	0	0	0		bios|leaf|orphan
0x8007F2A4	16	func_8007F2A4	high	0	void	15	0	0		leaf|syscall
0x8007F2B4	16	func_8007F2B4	high	0	void	12	0	0		leaf|syscall
0x8007F2C4	12	bios_B0_32_FileOpen	verified	0	void	0	0	0		bios|leaf|orphan
0x8007F2D4	12	bios_B0_33_FileSeek	verified	0	void	0	0	0		bios|leaf|orphan
0x8007F2E4	12	bios_B0_34_FileRead	verified	0	void	0	0	0		bios|leaf|orphan
0x8007F2F4	12	bios_B0_35_FileWrite	verified	0	void	0	0	0		bios|leaf|orphan
0x8007F304	12	bios_B0_36_FileClose	verified	0	void	0	0	0		bios|leaf|orphan
0x8007F314	12	bios_B0_43_nextfile	verified	0	void	1	0	0		bios|leaf|orphan
0x8007F324	12	bios_B0_5B_ChangeClearPad	verified	0	void	3	0	0		bios|leaf
0x8007F334	12	bios_C0_0A_ChangeClearRCnt	verified	0	void	2	0	0		bios|leaf
0x8007F344	156	func_8007F344	high	3	u32	2	0	0		leaf
0x8007F418	48	func_8007F418	high	1	u32	1	0	0		leaf
0x8007F47C	52	func_8007F47C	high	1	u32	1	0	0		leaf
0x8007F4B4	412	func_8007F4B4	medium	2	u32	1	2	40	s0|s1|s2|s3|ra	orphan
0x8007F754	12	bios_B0_42_firstfile	verified	0	void	1	0	0		bios|leaf|orphan
0x8007F770	16	func_8007F770	high	0	u32	1	0	0		leaf
0x8007F8D0	120	func_8007F8D0	medium	0	u32	0	4	24	s0|ra	orphan
0x8007F9F4	12	bios_B0_12_InitPad	verified	0	void	0	0	0		bios|leaf|orphan
0x8007FA04	12	bios_B0_13_StartPad	verified	0	void	0	0	0		bios|leaf|orphan
0x8007FA14	12	bios_B0_15_OutdatedPadInitAndStart	verified	0	void	0	0	0		bios|leaf|orphan
0x8007FA24	12	bios_C0_02_SysEnqIntRP	verified	0	void	2	0	0		bios|leaf
0x8007FA34	12	bios_C0_03_SysDeqIntRP	verified	0	void	2	0	0		bios|leaf
0x8007FA44	20	func_8007FA44	low	0	void	0	0	0		leaf|orphan|indirect
0x8007FA6C	112	func_8007FA6C	low	0	u32	0	2	0		orphan|indirect
0x8007FAE4	104	func_8007FAE4	low	0	u32	0	3	0		orphan|indirect
0x8007FB54	64	func_8007FB54	high	3	u32	1	0	0	s0|s1|ra	indirect
0x8007FB94	124	func_8007FB94	low	2	u32	1	0	0	s0|s1|ra	orphan|indirect
0x8007FD04	156	func_8007FD04	low	3	u32	1	0	0	s0|s1|s2|ra	orphan|indirect
0x8007FE64	204	func_8007FE64	low	0	u32	1	0	0	ra	orphan|indirect
0x8007FF34	248	func_8007FF34	low	3	u32	1	0	0	s0|s1|ra	orphan|indirect
0x80080034	204	func_80080034	verified	0	u32	1	5	24	s0|ra	indirect
0x80080144	176	func_80080144	verified	2	u32	1	1	32	s0|s1|ra	
0x800801F4	240	func_800801F4	verified	0	u32	1	2	24	s0|ra	
0x80080440	16	func_80080440	high	1	u32	1	0	0		leaf|addr_taken
0x800807FC	188	func_800807FC	low	0	u32	0	2	0		orphan|indirect
0x80080B24	224	func_80080B24	medium	1	u32	0	0	24	s0|ra	orphan|indirect
0x80080E2C	820	func_80080E2C	medium	1	u32	0	4	32	s0|s1|ra	orphan|indirect
0x80081160	240	func_80081160	medium	1	u32	0	2	24	s0|ra	orphan|indirect
0x80081250	548	func_80081250	medium	2	u32	0	1	40	s0|s1|s2|s3|ra	orphan
0x80081474	692	func_80081474	medium	2	u32	0	2	40	s0|s1|s2|s3|ra	orphan
0x80081728	144	func_80081728	medium	0	u32	2	1	24	ra	orphan
0x800817B8	40	func_800817B8	low	0	u32	1	0	0		leaf|orphan
0x800817E0	16	func_800817E0	low	4	void	0	0	0		leaf|orphan
0x800817F0	132	func_800817F0	medium	1	u32	1	3	24	ra	orphan
0x80081874	624	func_80081874	medium	1	u32	0	2	24	s0|ra	orphan|indirect
0x80081AE4	56	func_80081AE4	low	1	u32	1	0	0		leaf|orphan
0x80081B1C	212	func_80081B1C	medium	2	u32	1	0	32	s0|s1|ra	orphan|indirect
0x80082090	32	func_80082090	low	2	u32	1	0	0		leaf|orphan
0x800820B0	20	func_800820B0	low	1	u32	1	0	0		leaf|orphan
0x800820C4	32	func_800820C4	low	2	u32	1	0	0		leaf|orphan
0x800820E4	32	func_800820E4	low	2	u32	0	0	0		leaf|orphan
0x80082104	32	func_80082104	low	2	u32	1	0	0		leaf|orphan
0x80082124	20	func_80082124	low	1	u32	0	0	0		leaf|orphan
0x80082138	52	func_80082138	low	1	u32	3	0	0		leaf|orphan
0x8008216C	208	func_8008216C	low	0	u32	4	0	0		leaf|orphan
0x80082A44	168	BootEntry	low	0	u32	0	2	0		break|gp
0x80082AEC	112	func_80082AEC	high	0	void	1	0	0	s0|s1|ra	indirect
0x80082BC4	12	bios_A0_39_InitHeap	verified	0	void	1	0	0		bios|leaf
0x800A0068	140	func_800A0068	low	0	void	0	0	0		leaf|orphan|partial
0x800A00F4	60	func_800A00F4	low	0	void	0	0	0		leaf|orphan|partial
0x800A0130	2000	func_800A0130	low	3	u32	0	0	0		leaf|gte|gp|orphan|partial
0x800A3E38	92	func_800A3E38	low	0	u32	0	0	0		leaf|orphan
0x800A3F1C	172	func_800A3F1C	low	0	u32	1	0	0		leaf|orphan
0x800A3FC8	104	func_800A3FC8	verified	1	u32	1	1	32	s0|s1|ra	
0x800A4030	36	func_800A4030	verified	0	void	2	1	24	ra	
0x800A4054	76	func_800A4054	low	3	u32	1	0	0		leaf|orphan
0x800A40A0	1468	func_800A40A0	medium	4	u32	1	1	56	s0|s1|ra	orphan
0x800A465C	132	func_800A465C	medium	0	u32	0	5	24	s0|ra	orphan
0x800A4808	76	func_800A4808	medium	0	u32	0	1	24	ra	orphan
0x800A4ACC	44	func_800A4ACC	medium	0	u32	0	1	24	ra	orphan
0x800A4BA8	44	func_800A4BA8	medium	0	u32	0	1	24	ra	orphan
0x800A4BD4	28	func_800A4BD4	low	0	u32	2	0	0		leaf|orphan
0x800A4C50	92	func_800A4C50	low	0	u32	0	2	0	ra	orphan
0x800A4CAC	72	func_800A4CAC	medium	0	u32	0	2	24	ra	orphan
